GENDER,REFERRING_PROVIDER_REGION,DISEASE_CODE,RECEIVING_PROVIDER_REGION,AGE_GROUP,TOTAL_REFERRALS
M,Riyadh,R56.8,Riyadh,40-49,30
M,Jeddah,K52.9,Jeddah,00-17,21
M,Jeddah,I10,Jeddah,40-49,20
F,Qassim,R06.0,Qassim,60-69,3
M,Jeddah,R07.4,Makkah,50-59,2
M,Jeddah,A78,Makkah,70-79,1
F,Makkah,R07.4,Makkah,50-59,6
F,Medinah,O00.0,Medina,40-49,36
M,Najran,J21.9,Najran,00-17,18
F,Medinah,J03.9,Medina,00-17,12
F,Asir,I64,Assir,70-79,35
M,Medinah,I64,Riyadh,60-69,32
F,Riyadh,Z50.9,Riyadh,18-29,18
F,Jeddah,E88.0,Jeddah,18-29,20
F,Asir,T20.0,Assir,00-17,6
M,Riyadh,J06.9,Riyadh,00-17,63
F,Medinah,O61.9,Medina,30-39,25
M,Riyadh,E13.11,Riyadh,00-17,33
F,Medinah,E11.11,Medina,50-59,6
F,Jeddah,O00.0,Jeddah,40-49,151
M,Asir,I24.9,Assir,80+,13
M,Makkah,S72.11,Makkah,50-59,6
F,Jeddah,G46.4,Makkah,30-39,1
M,Riyadh,E11.11,Riyadh,60-69,342
F,Asir,P07.32,Assir,18-29,13
M,Jeddah,A41.9,Makkah,80+,6
M,Jeddah,R57.2,Makkah,60-69,5
M,Riyadh,D57.1,Riyadh,00-17,32
F,Jeddah,D59.0,Makkah,00-17,1
M,Jeddah,O09.9,Jeddah,00-17,19
F,Riyadh,R05,Riyadh,50-59,66
F,Jeddah,I21.9,Jeddah,60-69,23
F,Qassim,J15.9,Qassim,70-79,4
F,Jeddah,P22.0,Jeddah,18-29,43
F,Asir,J21.0,Assir,00-17,12
M,Outside-KSA,P07.31,Jeddah,00-17,19
F,Jeddah,O09.9,Jeddah,40-49,38
F,Jeddah,I61.8,Jeddah,60-69,20
F,Asir,P74.22,Assir,30-39,6
M,Riyadh,N18.9,Riyadh,60-69,91
M,Jeddah,K92.2,Makkah,60-69,1
M,Jeddah,E11.73,Jeddah,50-59,20
F,Jeddah,J90,Makkah,60-69,1
M,Asir,A41.9,Assir,50-59,6
F,Makkah,M01.57,Makkah,18-29,6
M,Jeddah,E10.11,Jeddah,18-29,192
F,Jeddah,I51.9,Makkah,80+,2
M,Jeddah,J18.0,Makkah,60-69,1
F,Jouf,S72.05,Riyadh,70-79,30
M,Jazan,T21.04,Assir,00-17,6
F,Medinah,U80.4,Medina,00-17,6
M,Jeddah,N18.9,Makkah,70-79,1
M,Jeddah,D41.1,Jeddah,00-17,20
M,Riyadh,V99,Riyadh,50-59,95
F,Jeddah,I26.9,Makkah,70-79,2
M,Jeddah,K92.2,Makkah,00-17,2
F,Jeddah,O09.9,Makkah,30-39,2
M,Hafer AlBatin,V99,Hafer Albatin,18-29,4
F,Asir,K83.0,Assir,80+,12
M,Jeddah,A41.9,Makkah,00-17,6
M,Riyadh,S72.9,Riyadh,40-49,62
M,Asir,J18.9,Assir,80+,26
M,Asir,E13.11,Assir,60-69,6
M,Qunfotha,H02.9,Makkah,30-39,7
M,Asir,J18.9,Assir,00-17,215
F,Jeddah,E10.15,Makkah,00-17,2
M,Jeddah,E14.11,Jeddah,50-59,2
F,Medinah,U80.3,Medina,00-17,18
F,Makkah,J18.0,Makkah,80+,6
M,Jeddah,I24.9,Makkah,30-39,4
M,Jeddah,I26.9,Makkah,30-39,1
M,Medinah,E13.11,Medina,18-29,12
F,Jeddah,P59.9,Makkah,00-17,5
F,Jeddah,U82.3,Jeddah,70-79,68
F,Makkah,F31.9,Makkah,18-29,12
F,Jeddah,S06.02,Jeddah,40-49,25
M,Makkah,I51.9,Makkah,30-39,6
M,Asir,E27.9,Assir,50-59,6
M,Jeddah,J17.1,Makkah,50-59,1
F,Makkah,J15.9,Makkah,60-69,6
M,Asir,R56.0,Assir,00-17,6
F,Riyadh,G82.00,Riyadh,50-59,3
F,Qassim,D01.0,Qassim,70-79,2
F,Riyadh,K85.9,Riyadh,60-69,30
M,Bisha,R05,Riyadh,50-59,32
F,Makkah,G00.9,Makkah,00-17,6
M,Asir,G03.8,Assir,40-49,6
M,Makkah,K92.9,Makkah,50-59,1
M,Medinah,G47.39,Medina,00-17,1
M,Riyadh,M61.32,Riyadh,00-17,30
M,Jeddah,G91.9,Jeddah,00-17,19
M,Medinah,I69.4,Medinah,70-79,1
F,Northern Borders,G61.0,Riyadh,30-39,1
F,Qassim,U80.3,Qassim,00-17,3
F,Qassim,A41.4,Qassim,50-59,3
M,Makkah,S42.23,Makkah,30-39,6
F,Makkah,A37.0,Makkah,00-17,6
M,Asir,J44.9,Assir,70-79,1
F,Jazan,S72.00,Asir,80+,1
F,Medinah,O62.9,Medinah,30-39,1
M,Jazan,S72.9,Jazan,30-39,3
M,Riyadh,J06.9,Riyadh,80+,30
F,Asir,J96.09,Assir,80+,5
M,Jazan,N17.9,Jazan,00-17,1
F,Asir,E14.15,Northern Borders,80+,1
F,Makkah,J18.8,Makkah,30-39,6
M,Jeddah,I69.4,Makkah,50-59,1
F,Asir,P28.40,Assir,00-17,8
M,Asir,E11.65,Assir,80+,7
F,Qassim,J06.9,Qassim,60-69,3
F,Asir,J21.9,Assir,00-17,173
M,Riyadh,M79.67,Riyadh,40-49,1
F,Asir,R05,Assir,70-79,26
M,Jeddah,S09.9,Makkah,18-29,3
F,Bisha,M42.12,Riyadh,80+,31
M,Makkah,J18.9,Makkah,18-29,12
M,Jeddah,I24.9,Jeddah,40-49,333
F,Jeddah,N17.9,Jeddah,80+,63
F,Jeddah,N17.9,Jeddah,00-17,22
M,Qassim,I46.0,Qassim,60-69,4
F,Jeddah,D05.9,Makkah,70-79,1
F,Jeddah,A41.8,Jeddah,80+,47
M,Asir,A37.0,Assir,00-17,13
F,Asir,S01.0,Assir,00-17,6
F,Jeddah,E10.11,Jeddah,00-17,83
M,Jeddah,U80.3,Makkah,50-59,2
F,Medinah,I50.9,Medina,70-79,6
M,Jazan,I42.9,Assir,00-17,6
F,Jeddah,N17.2,Jeddah,18-29,20
F,Jeddah,U82.3,Makkah,80+,4
F,Riyadh,P07.32,Riyadh,00-17,345
F,Najran,J18.0,Najran,00-17,20
M,Asir,S11.81,Assir,30-39,6
M,Qassim,J15.9,Qassim,70-79,2
F,Jeddah,J15.9,Jeddah,30-39,21
M,Riyadh,I64,Riyadh,40-49,134
F,Jeddah,E13.13,Jeddah,18-29,23
M,Riyadh,I50.0,Riyadh,50-59,67
M,Jeddah,K76.7,Makkah,70-79,1
F,Jeddah,P07.31,Jeddah,30-39,21
F,Jeddah,U82.3,Jeddah,40-49,22
M,Makkah,K92.9,Makkah,80+,12
M,Jeddah,I20.0,Makkah,50-59,3
M,Jazan,E11.11,Assir,50-59,6
M,Riyadh,D57.0,Riyadh,30-39,61
M,Riyadh,S06.03,Riyadh,60-69,35
M,Asir,Z50.9,Riyadh,18-29,6
M,Jeddah,D64.9,Makkah,40-49,1
F,Jeddah,E87.0,Jeddah,30-39,20
M,Makkah,I50.9,Makkah,60-69,12
F,Medinah,K81.0,Medina,80+,7
M,Jazan,E13.16,Jazan,00-17,2
F,Jeddah,I69.4,Jeddah,50-59,20
F,Makkah,O62.9,Makkah,30-39,6
F,Jeddah,R57.2,Jeddah,50-59,42
F,Jeddah,J18.9,Makkah,50-59,2
M,Medinah,K35.8,Medina,00-17,12
M,Makkah,I26.9,Makkah,18-29,6
F,Riyadh,O42.9,Riyadh,30-39,31
M,Jazan,J18.9,Jazan,70-79,2
F,Riyadh,I42.9,Riyadh,60-69,31
M,Jeddah,J44.9,Makkah,50-59,1
F,Riyadh,J45.9,Riyadh,80+,93
M,Jeddah,K92.2,Jeddah,50-59,71
F,Qassim,J96.01,Qassim,40-49,3
F,Riyadh,D57.0,Riyadh,00-17,95
M,Jeddah,V99,Jeddah,80+,20
M,Makkah,I24.9,Makkah,50-59,12
F,Eastern Region,I46.0,East,60-69,17
M,Riyadh,R57.2,Riyadh,80+,30
F,Qassim,E11.11,Qassim,50-59,6
M,Makkah,L89.10,Makkah,40-49,6
F,Riyadh,K52.0,Riyadh,00-17,31
M,Jeddah,I26.9,Makkah,80+,2
F,Medinah,E87.1,Medina,80+,6
M,Bisha,I61.3,Assir,70-79,6
M,Asir,R56.8,Assir,70-79,6
M,Asir,B87.1,Assir,00-17,7
F,Riyadh,U86.2,Riyadh,60-69,3
M,Asir,U86.2,Riyadh,40-49,1
F,Asir,D57.0,Asir,00-17,1
M,Medinah,R56.8,Medina,00-17,12
M,Jeddah,R10.0,Makkah,18-29,2
M,Jeddah,R04.0,Makkah,00-17,1
M,Qassim,K76.9,Qassim,30-39,2
M,Jeddah,V99,Jeddah,00-17,86
M,Riyadh,G40.60,Riyadh,40-49,30
F,Najran,A78,Riyadh,60-69,31
F,Asir,U80.3,Assir,40-49,6
M,Hafer AlBatin,G54.0,East,18-29,18
F,Qassim,J96.00,Qassim,80+,2
M,Medinah,K80.41,Medina,70-79,6
F,Makkah,E87.6,Makkah,40-49,6
M,Eastern Region,M23.20,East,18-29,1
F,Jeddah,I10,Jeddah,80+,20
F,Qassim,A41.8,Qassim,70-79,3
M,Asir,J81,Assir,50-59,7
M,Tabuk,S52.11,Tabuk,18-29,2
M,Asir,S42.03,Assir,30-39,6
F,Jeddah,I47.1,Jeddah,70-79,19
F,Asir,P92.0,Assir,00-17,6
M,Tabuk,S02.61,Medinah,00-17,1
M,Makkah,S72.11,Makkah,80+,6
M,Qassim,U82.3,Qassim,60-69,3
F,Jeddah,P36.0,Makkah,80+,1
M,Hafer AlBatin,Z50.9,Riyadh,00-17,1
M,Asir,J18.9,Assir,18-29,16
M,Jeddah,T63.0,Makkah,40-49,1
F,Riyadh,M83.26,Riyadh,70-79,32
M,Jazan,J45.9,Jazan,00-17,6
M,Jeddah,S72.3,Makkah,60-69,1
F,Riyadh,G35,Riyadh,40-49,32
F,Medinah,E11.65,Medina,30-39,6
M,Riyadh,U80.3,Riyadh,18-29,34
F,Tabuk,S82.6,Medina,60-69,6
F,Riyadh,E03.5,Riyadh,50-59,32
M,Riyadh,N18.9,Riyadh,30-39,31
F,Asir,E11.11,Assir,80+,3
F,Medinah,P22.0,Medinah,00-17,1
M,Jeddah,A37.0,Makkah,00-17,1
F,Baha,Z50.9,Jeddah,00-17,1
M,Jazan,D56.9,Jazan,30-39,1
F,Medinah,J18.9,Medinah,50-59,1
M,Asir,R05,Assir,70-79,6
M,Makkah,I64,Makkah,50-59,18
F,Riyadh,W19,Riyadh,30-39,32
M,Hail,R62.0,Riyadh,00-17,1
F,Riyadh,G00.9,Riyadh,30-39,1
F,Jeddah,E13.12,Jeddah,30-39,1
M,Eastern Region,U80.3,East,30-39,34
M,Eastern Region,N17.9,East,50-59,17
F,Jeddah,G93.9,Jeddah,40-49,19
F,Northern Borders,U82.3,Riyadh,70-79,31
M,Asir,S83.10,Assir,80+,5
M,Jazan,J15.9,Jazan,00-17,2
M,Jazan,A09.9,Jazan,60-69,2
M,Jeddah,S09.9,Makkah,00-17,1
F,Jeddah,S22.43,Makkah,60-69,1
M,Riyadh,J96.09,Riyadh,60-69,3
M,Jazan,N18.9,Jazan,40-49,2
F,Asir,P39.9,Asir,00-17,1
M,Jeddah,J18.9,Jeddah,60-69,23
F,Riyadh,E16.2,Riyadh,00-17,31
M,Qassim,G41.9,Qassim,50-59,2
F,Qassim,E10.11,Qassim,40-49,2
M,Najran,P07.32,Najran,00-17,3
M,Qassim,I21.4,Qassim,50-59,2
F,Jeddah,J15.9,Jeddah,70-79,22
M,Medinah,R05,Medina,60-69,6
M,Jazan,L03.14,Jazan,60-69,2
M,Asir,R65.1,Assir,00-17,1
M,Qassim,I98.3,Qassim,80+,3
F,Qunfotha,S72.00,Makkah,80+,6
M,Medinah,N17.9,Medina,50-59,6
F,Asir,I64,Asir,60-69,1
F,Najran,U80.3,Assir,00-17,6
M,Asir,T00.0,Assir,00-17,6
F,Asir,Z50.9,Riyadh,00-17,1
F,Qassim,G40.01,Qassim,18-29,2
M,Makkah,S52.11,Makkah,40-49,6
M,Asir,K92.2,Assir,18-29,7
F,Jeddah,R07.4,Jeddah,18-29,20
F,Qassim,N25.9,Qassim,60-69,4
M,Qurayyat,J06.9,Riyadh,00-17,31
F,Asir,E11.11,Assir,00-17,18
M,Jouf,S42.23,Riyadh,18-29,30
F,Eastern Region,S42.3,Riyadh,70-79,1
F,Jeddah,S73.00,Jeddah,60-69,20
F,Jeddah,I51.9,Makkah,00-17,1
F,Jeddah,I42.9,Jeddah,60-69,21
F,Riyadh,P59.9,Riyadh,50-59,31
M,Medinah,R57.8,Medina,18-29,7
F,Makkah,N17.9,Makkah,80+,6
F,Qassim,U80.3,Qassim,80+,4
F,Jazan,J18.0,Jazan,00-17,8
M,Jeddah,I21.9,Jeddah,30-39,60
M,Jeddah,X40,Makkah,30-39,1
M,Jeddah,R57.8,Jeddah,60-69,21
F,Riyadh,I69.4,Riyadh,70-79,35
F,Medinah,I46.9,Medinah,80+,1
M,Medinah,J45.9,Medinah,50-59,1
F,Asir,O00.0,Assir,00-17,47
M,Najran,R10.4,Najran,00-17,3
M,Jeddah,R42,Makkah,60-69,1
F,Riyadh,I10,Riyadh,60-69,32
M,Qassim,R05,Qassim,50-59,9
M,Jeddah,P59.9,Makkah,00-17,1
M,Makkah,N13.0,Makkah,00-17,14
F,Jeddah,V99,Makkah,00-17,1
F,Jeddah,E14.11,Jeddah,50-59,21
M,Jeddah,E11.73,Makkah,70-79,1
F,Riyadh,D57.1,Riyadh,00-17,127
F,Medinah,Z50.8,Riyadh,00-17,3
F,Jeddah,J96.09,Makkah,70-79,1
F,Riyadh,I50.9,Riyadh,70-79,34
F,Qassim,F05.9,Qassim,60-69,2
M,Jeddah,J15.9,Jeddah,00-17,60
M,Jeddah,J15.9,Jeddah,80+,67
M,Jeddah,Q18.4,Jeddah,00-17,20
M,Riyadh,Z50.8,Riyadh,30-39,7
F,Jeddah,N11.0,Jeddah,60-69,26
F,Jeddah,I20.0,Makkah,40-49,1
F,Medinah,J22,Medina,00-17,12
F,Riyadh,N39.9,Riyadh,18-29,90
F,Riyadh,R07.4,Riyadh,80+,29
M,Riyadh,N13.3,Riyadh,00-17,32
M,Riyadh,E10.35,Riyadh,70-79,29
F,Riyadh,U82.3,Riyadh,70-79,108
F,Asir,K85.9,Assir,00-17,6
F,Riyadh,V99,Riyadh,50-59,30
M,Jeddah,U82.3,Jeddah,40-49,45
F,Riyadh,K85.9,Riyadh,18-29,31
F,Jeddah,J18.8,Makkah,70-79,1
M,Northern Borders,G91.9,Riyadh,50-59,31
F,Jeddah,I62.9,Makkah,40-49,1
F,Medinah,I24.9,Jeddah,60-69,26
M,Jeddah,Q90.9,Jeddah,00-17,22
M,Qassim,U80.3,Qassim,70-79,2
M,Makkah,G93.4,Jeddah,60-69,20
M,Riyadh,F09,Riyadh,70-79,31
M,Eastern Region,F40.01,East,40-49,2
M,Jeddah,U82.3,Makkah,50-59,2
F,Tabuk,P07.31,Medina,00-17,7
F,Hafer AlBatin,P71.1,Hafer Albatin,00-17,2
M,Makkah,S72.00,Makkah,70-79,6
F,Jeddah,E11.11,Makkah,70-79,3
F,Jeddah,K56.6,Makkah,30-39,1
M,Makkah,I50.9,Makkah,40-49,6
F,Makkah,E11.11,Makkah,18-29,6
M,Asir,T21.09,Assir,00-17,12
M,Jazan,J18.0,Assir,60-69,6
M,Jazan,R11,Jazan,00-17,2
F,Tabuk,S82.6,Tabuk,60-69,1
M,Asir,M61.29,Assir,00-17,6
M,Riyadh,G03.9,Riyadh,00-17,32
F,Jazan,K92.9,Jazan,50-59,2
M,Jeddah,A18.8,Jeddah,30-39,20
M,Medinah,J45.9,Medinah,00-17,12
M,Taif,S32.89,Makkah,18-29,1
F,Asir,J18.9,Assir,60-69,2
F,Medinah,I60.8,Medinah,80+,1
M,Makkah,S73.11,Makkah,00-17,6
F,Asir,O60.0,Assir,18-29,7
M,Asir,J44.1,Assir,60-69,6
M,Qassim,E10.51,Qassim,80+,4
F,Jeddah,O60.0,Makkah,18-29,1
F,Medinah,E11.11,Medinah,00-17,2
F,Medinah,O66.4,Medina,18-29,1
F,Makkah,Z50.8,Jeddah,50-59,1
M,Jeddah,R11,Makkah,00-17,1
M,Asir,J18.0,Assir,70-79,6
F,Riyadh,I64,Riyadh,18-29,33
F,Riyadh,Z99.1,Riyadh,18-29,3
F,Qassim,K80.30,Qassim,80+,4
F,Riyadh,K92.9,Riyadh,18-29,60
M,Asir,I64,Assir,50-59,27
F,Jeddah,W84,Jeddah,80+,19
F,Qassim,E88.9,Qassim,18-29,3
M,Riyadh,U82.3,Makkah,70-79,6
M,Baha,Z50.9,Riyadh,40-49,1
F,Riyadh,S01.23,Riyadh,80+,30
M,Qassim,E87.1,Qassim,70-79,2
F,Riyadh,M41.06,Riyadh,00-17,1
F,Eastern Region,I50.0,East,80+,17
F,Riyadh,U82.3,Riyadh,60-69,63
M,Medinah,J18.0,Medina,30-39,7
M,Jazan,E11.11,Jazan,60-69,4
M,Jazan,V99,Makkah,18-29,1
F,Jazan,R11,Jazan,00-17,2
M,Jeddah,S87.8,Makkah,00-17,1
F,Makkah,E11.11,Jeddah,50-59,20
M,Jeddah,B54,Jeddah,30-39,43
F,Jeddah,I46.0,Makkah,80+,1
F,Riyadh,M08.28,Riyadh,30-39,1
F,Asir,R65.1,Asir,00-17,1
M,Northern Borders,S32.4,Hail,50-59,2
F,Asir,K76.9,Assir,00-17,7
F,Riyadh,K43.6,Riyadh,60-69,31
M,Asir,Z50.9,Jeddah,30-39,1
M,Asir,R56.8,Assir,18-29,7
F,Jeddah,J96.01,Makkah,70-79,3
F,Asir,P39.9,Assir,00-17,7
F,Makkah,S72.9,Makkah,80+,13
F,Asir,A85.0,Assir,00-17,6
F,Medinah,O42.9,Medinah,30-39,12
M,Jazan,S24.11,Riyadh,18-29,1
M,Makkah,S42.3,Makkah,00-17,5
M,Medinah,J18.9,Medina,40-49,7
F,Riyadh,J96.01,Riyadh,80+,35
M,Riyadh,D44.2,Riyadh,60-69,1
M,Medinah,R19.4,Medina,00-17,6
F,Asir,G80.9,Assir,00-17,6
M,Makkah,F20.9,Makkah,18-29,6
F,Medinah,J46,Medinah,00-17,1
M,Jeddah,R57.9,Jeddah,00-17,23
M,Eastern Region,Z50.8,East,40-49,1
M,Asir,J84.9,Assir,80+,1
M,Asir,M80.18,Assir,00-17,7
F,Asir,I64,Assir,60-69,40
F,Najran,J20.9,Najran,00-17,27
M,Qassim,I64,Qassim,50-59,13
M,Najran,R05,Najran,00-17,36
M,Makkah,R10.0,Makkah,80+,13
F,Jeddah,J45.9,Makkah,50-59,1
F,Makkah,K59.0,Makkah,60-69,6
M,Jazan,I64,Jazan,70-79,2
M,Makkah,I24.9,Makkah,70-79,7
M,Asir,R57.0,Assir,40-49,6
F,Jeddah,I26.9,Makkah,60-69,1
M,Jeddah,N13.3,Makkah,00-17,2
F,Jeddah,K92.2,Makkah,70-79,2
F,Jeddah,E10.11,Makkah,40-49,1
F,Riyadh,P20.9,Riyadh,80+,31
F,Jeddah,N11.0,Makkah,60-69,2
M,Qassim,K92.0,Qassim,30-39,2
F,Najran,E11.11,Assir,00-17,6
M,Asir,A41.9,Assir,00-17,151
M,Tabuk,T18.2,Tabuk,40-49,2
M,Jeddah,R00.0,Jeddah,18-29,21
F,Riyadh,D57.1,Riyadh,30-39,33
M,Asir,J04.0,Assir,70-79,7
F,Qassim,E16.0,Qassim,18-29,3
F,Riyadh,I50.9,Riyadh,60-69,93
F,Asir,E16.2,Assir,00-17,19
F,Jeddah,J01.1,Jeddah,30-39,20
M,Qassim,K92.9,Qassim,50-59,2
F,Makkah,G41.8,Makkah,00-17,6
F,Riyadh,E03.9,Riyadh,60-69,31
M,Jeddah,P59.9,Makkah,30-39,1
M,Jeddah,T52.4,Jeddah,00-17,20
F,Jeddah,T58,Jeddah,00-17,42
F,Riyadh,I64,Riyadh,80+,241
F,Riyadh,J20.9,Riyadh,00-17,215
F,Asir,P59.9,Assir,00-17,26
M,Makkah,S81.0,Makkah,18-29,6
F,Jeddah,E11.11,Makkah,00-17,4
M,Jeddah,I60.8,Makkah,70-79,1
F,Jeddah,E10.11,Jeddah,40-49,21
F,Jouf,T79.6,Riyadh,50-59,32
M,Riyadh,R17,Riyadh,70-79,31
F,Makkah,R57.9,Makkah,70-79,6
M,Makkah,A35,Makkah,18-29,6
M,Jeddah,D55.0,Jeddah,18-29,21
M,Qunfotha,I62.0,Makkah,00-17,11
M,Jeddah,S72.9,Makkah,80+,2
F,Jouf,J18.0,Riyadh,00-17,32
M,Jeddah,A18.8,Jeddah,18-29,21
F,Asir,J18.9,Assir,80+,27
F,Riyadh,J06.9,Riyadh,60-69,31
M,Asir,S06.5,Assir,00-17,6
F,Riyadh,E11.11,Riyadh,60-69,180
M,Riyadh,I21.9,Riyadh,50-59,32
F,Jeddah,G94.8,Jeddah,18-29,21
M,Jeddah,U80.3,Jeddah,50-59,41
M,Jeddah,E13.15,Jeddah,50-59,41
M,Riyadh,N15.1,Riyadh,70-79,32
M,Jazan,I62.0,Jazan,50-59,2
F,Qassim,J18.9,Qassim,50-59,3
M,Jazan,E14.15,Jazan,18-29,2
M,Riyadh,L89.35,Riyadh,30-39,32
M,Asir,S01.81,Assir,00-17,6
M,Najran,A37.0,Najran,00-17,6
F,Jeddah,N18.9,Makkah,40-49,1
F,Medinah,Z50.8,Jeddah,18-29,1
F,Jeddah,E13.11,Makkah,00-17,1
M,Riyadh,S32.4,Riyadh,40-49,30
F,Asir,R57.9,Assir,50-59,1
F,Jeddah,I51.9,Jeddah,70-79,21
F,Jeddah,N17.9,Jeddah,70-79,21
M,Riyadh,Z89.6,Riyadh,60-69,1
M,Asir,J18.9,Assir,60-69,6
F,Tabuk,M48.42,Riyadh,18-29,29
F,Asir,P22.8,Assir,00-17,1
M,Eastern Region,M20.0,East,00-17,17
F,Tabuk,I26.9,Medinah,70-79,1
F,Medinah,J96.01,Medinah,80+,1
M,Asir,I64,Asir,80+,1
M,Medinah,A09.9,Medinah,00-17,1
M,Makkah,R51,Makkah,50-59,6
F,Riyadh,S06.02,Riyadh,70-79,31
M,Jazan,K76.0,Jazan,40-49,2
F,Jeddah,R42,Makkah,70-79,1
F,Asir,E11.11,Assir,60-69,14
F,Asir,J44.9,Assir,80+,7
F,Jeddah,W84,Makkah,80+,1
M,Riyadh,E51.8,Riyadh,30-39,32
F,Asir,J21.9,Medina,00-17,1
M,Jeddah,I44.1,Jeddah,60-69,20
M,Riyadh,M54.5,Riyadh,18-29,31
F,Jeddah,I61.1,Jeddah,70-79,20
F,Medinah,A41.9,Medina,30-39,6
F,Bisha,R11,Makkah,00-17,1
F,Jazan,R05,Jazan,00-17,12
M,Jazan,E11.11,Jazan,70-79,2
F,Makkah,E13.11,Makkah,70-79,6
M,Jazan,I24.9,Jazan,00-17,2
F,Riyadh,E16.2,Riyadh,40-49,1
F,Makkah,J06.9,Makkah,30-39,6
F,Northern Borders,P07.32,Riyadh,00-17,31
F,Asir,A41.8,Assir,80+,6
M,Riyadh,I48.1,Riyadh,60-69,32
F,Asir,I28.1,Assir,00-17,7
F,Eastern Region,Z50.9,Riyadh,18-29,1
F,Jeddah,J46,Jeddah,80+,1
F,Qassim,I51.9,Qassim,00-17,4
M,Riyadh,I10,Ihsaa,40-49,1
F,Medinah,J45.9,Medinah,50-59,1
M,Asir,A37.1,Assir,00-17,6
M,Asir,M80.18,Asir,00-17,1
M,Jeddah,R10.0,Jeddah,18-29,23
M,Asir,Q55.42,Assir,00-17,6
M,Eastern Region,N13.7,East,00-17,17
F,Asir,V99,Assir,50-59,6
M,Riyadh,G41.9,Riyadh,00-17,32
F,Taif,H43.8,Makkah,50-59,1
M,Riyadh,I61.3,Riyadh,18-29,1
M,Jeddah,I10,Jeddah,18-29,20
M,Riyadh,E87.0,Riyadh,70-79,33
M,Qunfotha,A41.9,Makkah,00-17,6
F,Asir,J44.9,Assir,60-69,7
F,Asir,I27.8,Assir,70-79,6
F,Makkah,A41.9,Makkah,00-17,18
M,Jeddah,K92.2,Makkah,40-49,1
M,Medinah,E10.11,Medinah,40-49,1
M,Riyadh,S85.1,Riyadh,40-49,31
M,Eastern Region,A65,East,80+,17
F,Asir,J45.9,Assir,70-79,1
F,Makkah,I89.0,Riyadh,18-29,1
M,Riyadh,S06.9,Riyadh,80+,2
M,Medinah,S98.4,Riyadh,50-59,3
M,Medinah,J45.9,Medina,50-59,7
M,Riyadh,G41.9,Riyadh,80+,31
F,Riyadh,Q24.9,Riyadh,00-17,32
F,Qassim,I61.9,Qassim,50-59,3
M,Medinah,J18.0,Medinah,00-17,10
M,Qunfotha,J06.9,Medinah,40-49,1
F,Baha,M05.84,Makkah,40-49,1
F,Jeddah,J18.0,Jeddah,60-69,1
M,Riyadh,Z96.64,Riyadh,40-49,2
F,Taif,K92.9,Taef,70-79,2
M,Asir,R17,Assir,00-17,43
M,Jeddah,J84.1,Jeddah,60-69,19
F,Jazan,J06.9,Jazan,80+,2
M,Jazan,M54.5,Jazan,30-39,2
F,Asir,E14.11,Assir,00-17,6
F,Jeddah,P07.31,Makkah,18-29,2
F,Riyadh,L89.35,Riyadh,70-79,30
M,Riyadh,K81.0,Riyadh,18-29,31
F,Hail,M21.67,Riyadh,18-29,1
M,Makkah,K37,Makkah,30-39,6
F,Qassim,J18.9,Qassim,80+,14
M,Riyadh,N18.9,Riyadh,70-79,60
M,Riyadh,K85.9,Riyadh,80+,32
M,Riyadh,I50.0,Riyadh,40-49,65
F,Makkah,I51.9,Makkah,60-69,6
M,Riyadh,P90,Najran,00-17,3
F,Jeddah,R57.2,Makkah,60-69,3
F,Jeddah,I24.9,Jeddah,80+,102
F,Riyadh,G73.7,Riyadh,18-29,32
F,Jeddah,J15.9,Makkah,00-17,1
F,Jeddah,J18.9,Jeddah,70-79,124
F,Jouf,J18.9,Riyadh,00-17,61
M,Riyadh,M79.86,Riyadh,18-29,31
F,Riyadh,O00.0,Riyadh,40-49,93
F,Jeddah,P59.0,Makkah,30-39,1
F,Qunfotha,S52.59,Makkah,60-69,6
F,Asir,I51.9,Assir,80+,12
M,Asir,J18.9,Assir,50-59,27
F,Riyadh,J12.0,Riyadh,70-79,37
M,Jazan,W80.9,Assir,00-17,6
F,Jeddah,E16.2,Makkah,50-59,1
F,Asir,E11.11,Assir,50-59,6
M,Makkah,R05,Makkah,50-59,6
M,Asir,S72.05,Assir,80+,6
F,Medinah,A78,Medinah,00-17,2
F,Medinah,O42.2,Medina,18-29,6
F,Riyadh,J96.09,Riyadh,30-39,3
M,Jazan,K35.8,Jazan,00-17,2
M,Najran,M60.08,Najran,00-17,6
M,Hafer AlBatin,J90,Riyadh,30-39,31
M,Jouf,S62.34,Riyadh,18-29,32
F,Riyadh,R51,Jeddah,50-59,1
M,Asir,A06.6,Assir,40-49,1
M,Qassim,E10.61,Qassim,40-49,3
M,Jeddah,K92.2,Jeddah,70-79,21
F,Riyadh,P07.32,Riyadh,30-39,63
M,Medinah,I64,Medina,40-49,7
M,Jeddah,E87.1,Jeddah,60-69,20
M,Eastern Region,Z50.9,East,60-69,2
M,Medinah,D01.0,Medinah,50-59,1
F,Riyadh,I70.21,Riyadh,50-59,31
M,Makkah,S72.9,Makkah,50-59,5
F,Makkah,M80.07,Makkah,18-29,1
F,Asir,U83.3,Assir,50-59,6
M,Riyadh,S72.8,Riyadh,60-69,32
M,Najran,S92.1,Najran,18-29,2
M,Makkah,Z50.9,Jeddah,00-17,2
F,Makkah,R05,Medinah,18-29,1
M,Jazan,W08.8,Jazan,50-59,2
M,Jazan,V99,Jeddah,18-29,22
M,Riyadh,J05.0,Riyadh,00-17,30
F,Eastern Region,I64,East,80+,18
M,Jeddah,R13,Makkah,50-59,1
F,Medinah,E11.11,Medina,00-17,12
F,Jeddah,I31.9,Jeddah,50-59,20
M,Asir,J21.1,Asir,00-17,1
M,Jeddah,R05,Northern Borders,70-79,1
F,Medinah,K76.1,Medina,60-69,1
F,Asir,W01.0,Assir,00-17,6
F,Jeddah,J21.9,Makkah,00-17,5
M,Asir,V09.9,Assir,00-17,7
F,Asir,K92.9,Assir,60-69,7
M,Jeddah,P36.9,Makkah,00-17,1
M,Bisha,J18.9,Riyadh,70-79,32
M,Jeddah,J90,Makkah,30-39,1
M,Jeddah,A41.9,Makkah,50-59,4
M,Qassim,G40.61,Qassim,40-49,2
M,Riyadh,I69.4,Riyadh,30-39,1
M,Makkah,S73.02,Jeddah,30-39,21
M,Qunfotha,E11.11,Jeddah,70-79,20
M,Jeddah,N11.1,Makkah,40-49,2
M,Northern Borders,E11.65,Riyadh,60-69,32
F,Tabuk,S72.05,Taef,70-79,2
M,Riyadh,K76.9,Riyadh,60-69,31
M,Jeddah,J18.0,Makkah,70-79,1
M,Asir,I86.1,Assir,50-59,6
F,Riyadh,S92.21,Riyadh,50-59,30
F,Riyadh,E11.11,Riyadh,30-39,1
F,Medinah,G40.60,Medina,60-69,7
F,Asir,R23.0,Assir,00-17,1
F,Riyadh,J96.09,Riyadh,40-49,94
M,Jeddah,J96.19,Jeddah,70-79,21
F,Asir,M60.08,Assir,00-17,6
M,Asir,G04.2,Assir,18-29,6
M,Riyadh,J96.09,Riyadh,70-79,1
M,Hafer AlBatin,Z50.9,Riyadh,50-59,1
F,Jeddah,G41.9,Makkah,40-49,1
F,Asir,E13.15,Assir,00-17,6
F,Jeddah,J15.9,Makkah,60-69,2
F,Qassim,E87.2,Qassim,00-17,3
F,Asir,E14.15,Assir,80+,1
M,Asir,S06.03,Assir,70-79,6
F,Asir,E87.2,Assir,00-17,7
M,Jeddah,J45.8,Makkah,00-17,1
F,Jeddah,G23.8,Makkah,80+,1
F,Eastern Region,J45.9,East,50-59,17
M,Qunfotha,V99,Makkah,00-17,6
F,Jeddah,K92.9,Jeddah,70-79,23
M,Baha,P22.0,Makkah,00-17,1
F,Jeddah,J96.09,Makkah,80+,3
M,Riyadh,A09.9,Riyadh,40-49,31
F,Medinah,J15.9,Medinah,00-17,6
M,Qassim,E10.11,Qassim,18-29,2
M,Asir,J15.9,Assir,60-69,6
M,Baha,S06.03,Makkah,70-79,1
F,Riyadh,K59.1,Riyadh,80+,1
M,Jeddah,I64,Jeddah,18-29,21
F,Asir,K86.9,Assir,30-39,6
F,Makkah,C83.7,Jeddah,50-59,1
F,Eastern Region,D57.1,East,18-29,18
F,Jeddah,Z93.0,Jeddah,60-69,2
F,Makkah,N17.9,Makkah,40-49,6
F,Outside-KSA,C65,Medinah,60-69,1
F,Medinah,A41.9,Medinah,70-79,1
F,Jeddah,R10.4,Jeddah,80+,24
F,Medinah,J45.9,Medina,50-59,7
M,Asir,R05,Assir,00-17,228
F,Qassim,R05,Qassim,50-59,8
M,Asir,R05,Assir,80+,19
F,Jazan,I64,Jeddah,60-69,21
F,Najran,J21.9,Medina,00-17,6
M,Medinah,J06.9,Makkah,00-17,1
M,Makkah,I51.9,Makkah,70-79,24
M,Jeddah,R57.2,Makkah,40-49,1
F,Riyadh,S72.9,Riyadh,80+,60
F,Riyadh,J12.0,Riyadh,80+,59
F,Riyadh,U82.3,Riyadh,80+,287
F,Asir,I27.2,Assir,60-69,7
M,Makkah,I50.9,Makkah,70-79,12
M,Riyadh,I50.9,Riyadh,40-49,62
F,Riyadh,N39.9,Riyadh,00-17,124
F,Qassim,A41.9,Qassim,70-79,13
M,Qassim,T52.4,Qassim,00-17,4
M,Jeddah,I50.9,Jeddah,50-59,77
M,Jeddah,O09.9,Makkah,00-17,1
F,Jeddah,I24.9,Jeddah,70-79,151
M,Makkah,J18.9,Makkah,60-69,6
M,Jeddah,E87.2,Jeddah,60-69,23
F,Northern Borders,K92.9,Riyadh,50-59,30
M,Makkah,R57.8,Makkah,40-49,6
F,Medinah,S98.4,Jeddah,40-49,2
F,Riyadh,Z50.9,Riyadh,00-17,50
M,Jazan,I79.0,Assir,50-59,6
F,Riyadh,I21.9,Riyadh,70-79,96
F,Medinah,I46.9,Medina,80+,7
F,Jeddah,E83.5,Jeddah,60-69,2
M,Riyadh,Q20.31,Riyadh,00-17,32
F,Asir,A41.9,Assir,40-49,13
M,Medinah,G41.9,Medina,40-49,6
M,Jazan,E11.11,Jazan,00-17,2
M,Jeddah,W73,Jeddah,00-17,20
F,Makkah,N17.9,Makkah,70-79,7
M,Riyadh,R07.4,Riyadh,50-59,31
M,Northern Borders,N17.9,Riyadh,00-17,32
M,Asir,P74.0,Assir,00-17,7
F,Asir,P28.49,Assir,00-17,6
F,Jeddah,S07.1,Makkah,00-17,1
F,Jeddah,I51.9,Jeddah,80+,38
F,Jeddah,I64,Jeddah,40-49,65
M,Riyadh,D57.1,Riyadh,18-29,189
M,Medinah,A41.9,Medina,70-79,18
M,Asir,V99,Assir,18-29,69
F,Qassim,K85.9,Qassim,30-39,2
F,Qassim,O14.9,Qassim,30-39,3
M,Jeddah,I50.9,Makkah,80+,1
M,Makkah,C67.9,Makkah,70-79,7
M,Najran,A41.9,Najran,00-17,8
F,Asir,I61.9,Assir,00-17,6
M,Hafer AlBatin,V99,Riyadh,18-29,31
M,Jeddah,I64,Jeddah,40-49,106
M,Najran,R29.2,Najran,00-17,3
F,Medinah,O42.2,Medina,30-39,12
M,Jeddah,E10.11,Makkah,18-29,10
M,Jeddah,N17.9,Makkah,80+,3
F,Jouf,I24.9,Riyadh,80+,31
M,Riyadh,K80.10,Riyadh,80+,33
F,Medinah,E10.64,Medina,00-17,6
M,Makkah,N48.8,Jeddah,40-49,20
M,Riyadh,J45.9,Riyadh,00-17,495
M,Medinah,I51.9,Medina,60-69,12
M,Makkah,N17.9,Makkah,70-79,12
M,Jeddah,G40.61,Makkah,30-39,1
M,Tabuk,I98.2,Tabuk,30-39,1
M,Medinah,E11.11,Medina,70-79,14
M,Riyadh,G91.9,Riyadh,00-17,62
M,Qassim,R00.1,Qassim,60-69,2
M,Hafer AlBatin,J96.09,Hafer Albatin,00-17,2
M,Asir,J96.01,Assir,70-79,6
F,Jeddah,I25.11,Jeddah,50-59,20
M,Riyadh,M01.07,Riyadh,40-49,1
M,Jeddah,I69.4,Jeddah,50-59,24
M,Jazan,R06.6,Jazan,00-17,2
M,Asir,K75.4,Asir,00-17,1
F,Makkah,R57.2,Jeddah,50-59,22
M,Makkah,D57.1,Makkah,30-39,6
F,Riyadh,E16.2,Riyadh,18-29,40
M,Qassim,E13.15,Qassim,30-39,4
M,Jazan,E11.11,Jazan,80+,4
M,Jeddah,I10,Jeddah,80+,1
M,Riyadh,J91,Riyadh,60-69,1
M,Medinah,R10.0,Medina,00-17,7
M,Asir,S36.83,Asir,60-69,1
M,Medinah,K29.70,Medina,00-17,6
M,Makkah,A78,Makkah,00-17,12
M,Baha,A41.9,Assir,00-17,6
F,Jeddah,A39.9,Jeddah,00-17,20
M,Qassim,R06.6,Qassim,60-69,2
M,Asir,S72.8,Asir,30-39,1
M,Jeddah,I21.9,Makkah,50-59,6
M,Asir,N17.9,Assir,50-59,7
M,Eastern Region,R10.0,East,00-17,18
F,Jeddah,D55.9,Jeddah,40-49,21
F,Riyadh,I69.4,Riyadh,60-69,1
M,Riyadh,G55.1,Riyadh,50-59,1
M,Qunfotha,S52.31,Makkah,40-49,6
F,Qassim,I64,Qassim,40-49,6
M,Riyadh,I61.9,Riyadh,60-69,31
M,Jeddah,V09.9,Jeddah,60-69,24
M,Riyadh,Z50.8,Jeddah,00-17,1
F,Makkah,L04.9,Makkah,00-17,6
M,Riyadh,S42.02,Riyadh,18-29,34
F,Riyadh,E11.11,Riyadh,50-59,63
M,Medinah,S06.03,Medina,60-69,1
F,Jeddah,J45.9,Jeddah,50-59,22
M,Medinah,I64,Medina,80+,19
F,Makkah,I64,Makkah,50-59,18
M,Qassim,R05,Qassim,60-69,11
F,Jeddah,A78,Makkah,00-17,2
M,Asir,R10.0,Assir,40-49,6
F,Qassim,R05,Qassim,00-17,16
M,Jazan,I64,Jazan,80+,8
F,Asir,I98.2,Assir,80+,6
M,Riyadh,N18.5,Riyadh,60-69,31
F,Jeddah,I50.0,Makkah,60-69,1
M,Makkah,V99,Jeddah,30-39,19
F,Medinah,E16.2,Medina,00-17,6
M,Medinah,J18.9,Medina,00-17,367
F,Jeddah,P07.32,Makkah,00-17,7
M,Qunfotha,E11.11,Jeddah,60-69,20
M,Jeddah,I21.9,Jeddah,40-49,122
M,Makkah,E13.15,Makkah,18-29,18
M,Jeddah,G41.9,Makkah,30-39,1
F,Riyadh,Z88.1,Riyadh,18-29,34
M,Taif,V99,Taef,18-29,2
F,Jeddah,I24.9,Makkah,70-79,7
F,Jeddah,S72.9,Jeddah,80+,65
M,Jeddah,I60.8,Jeddah,70-79,19
F,Riyadh,D69.4,Riyadh,50-59,31
M,Jeddah,I50.9,Jeddah,80+,23
F,Jeddah,I46.9,Makkah,80+,1
F,Riyadh,L03.8,Riyadh,80+,30
M,Qassim,A41.8,Qassim,60-69,2
M,Qassim,G41.9,Qassim,18-29,4
M,Bisha,D57.8,Assir,00-17,6
M,Jeddah,W73,Makkah,00-17,1
F,Riyadh,S06.03,Riyadh,60-69,32
M,Riyadh,J18.9,Riyadh,70-79,93
F,Asir,S82.6,Assir,50-59,6
M,Jeddah,I50.9,Makkah,50-59,5
F,Asir,S32.4,Assir,70-79,6
M,Jeddah,R57.2,Jeddah,80+,80
F,Riyadh,G46.4,Riyadh,40-49,29
M,Jeddah,U82.3,Makkah,60-69,4
F,Bisha,V99,Assir,30-39,6
F,Riyadh,V99,Riyadh,40-49,63
F,Riyadh,R10.0,Riyadh,30-39,90
F,Medinah,O61.9,Medina,18-29,18
M,Makkah,R57.2,Makkah,40-49,12
F,Makkah,E11.11,Makkah,60-69,6
M,Riyadh,N39.9,Riyadh,60-69,62
F,Jazan,G40.60,Assir,00-17,6
M,Makkah,I24.9,Makkah,60-69,6
M,Medinah,E16.9,Makkah,00-17,1
M,Jeddah,U82.3,Jeddah,60-69,66
M,Hafer AlBatin,I50.9,Hafer Albatin,80+,2
M,Jeddah,I51.9,Jeddah,80+,39
F,Asir,I42.9,Assir,00-17,6
M,Jeddah,V21.02,Jeddah,18-29,23
M,Jeddah,P59.9,Jeddah,00-17,20
M,Qassim,A41.9,Qassim,80+,17
M,Jeddah,V99,Makkah,18-29,8
F,Medinah,P22.8,Medina,18-29,6
M,Tabuk,E11.11,Tabuk,70-79,1
F,Riyadh,R10.0,Riyadh,50-59,30
M,Najran,L89.34,Najran,50-59,6
M,Jeddah,E87.2,Makkah,60-69,1
M,Jeddah,V99,Makkah,50-59,2
F,Riyadh,N17.1,Riyadh,80+,31
M,Asir,G72.3,Assir,30-39,7
M,Riyadh,S06.03,Riyadh,80+,30
F,Riyadh,E87.1,Riyadh,80+,33
M,Qassim,J81,Qassim,60-69,2
F,Riyadh,P96.0,Riyadh,60-69,32
F,Riyadh,R62.0,Riyadh,00-17,1
M,Hassa,I64,Ihsaa,70-79,1
F,Medinah,E14.11,Medinah,80+,1
M,Qassim,J45.9,Qassim,00-17,5
F,Jeddah,J45.9,Jeddah,18-29,22
F,Asir,O09.9,Assir,30-39,6
F,Asir,R18,Assir,70-79,7
F,Jeddah,W10.9,Makkah,00-17,1
F,Asir,R06.6,Assir,60-69,6
F,Asir,J96.01,Assir,50-59,1
F,Eastern Region,J18.9,East,00-17,35
M,Jeddah,J18.0,Makkah,00-17,3
M,Eastern Region,J18.9,East,80+,17
F,Asir,K92.9,Assir,70-79,1
F,Asir,M70.5,Assir,60-69,1
M,Asir,I46.9,Assir,80+,7
M,Baha,P22.0,Jeddah,00-17,20
M,Jeddah,G46.4,Jeddah,60-69,19
M,Riyadh,S32.5,Riyadh,00-17,31
M,Jeddah,R19.1,Makkah,50-59,1
M,Riyadh,B90.8,Riyadh,50-59,34
F,Qassim,I46.9,Qassim,60-69,3
M,Riyadh,V89.9,Riyadh,18-29,1
F,Jazan,O00.0,Jazan,30-39,4
M,Riyadh,I67.4,Riyadh,60-69,37
F,Qassim,N18.9,Qassim,80+,3
M,Jeddah,I21.9,Makkah,30-39,3
M,Jazan,D57.8,Jazan,00-17,2
M,Makkah,R05,Makkah,70-79,12
M,Medinah,G40.60,Medina,00-17,6
M,Riyadh,E11.65,Riyadh,70-79,32
F,Jazan,J18.9,Assir,70-79,6
F,Qurayyat,P59.9,Riyadh,70-79,31
M,Najran,J20.9,Najran,00-17,24
M,Jeddah,R57.1,Makkah,70-79,1
F,Riyadh,N39.9,Riyadh,80+,30
M,Jeddah,Z50.9,Riyadh,60-69,1
F,Medinah,P07.32,Medina,00-17,6
F,Jeddah,K92.9,Jeddah,80+,41
M,Riyadh,I51.3,Riyadh,80+,3
F,Asir,G41.9,Assir,50-59,1
F,Makkah,A41.9,Makkah,60-69,5
F,Asir,P22.9,Assir,00-17,1
F,Jeddah,E87.1,Jeddah,80+,21
M,Qassim,U82.3,Qassim,70-79,3
M,Qurayyat,N25.9,Riyadh,70-79,30
M,Northern Borders,I47.1,Riyadh,00-17,30
M,Jazan,I24.9,Jazan,30-39,2
F,Riyadh,J42,Riyadh,40-49,1
F,Riyadh,J44.9,Riyadh,80+,1
F,Jeddah,I51.9,Jeddah,00-17,19
M,Jazan,S63.00,Jazan,00-17,2
F,Jeddah,S73.00,Makkah,60-69,1
F,Asir,U86.2,Assir,60-69,6
M,Medinah,K12.1,Medina,00-17,6
M,Jeddah,S27.0,Jeddah,18-29,24
M,Qunfotha,J96.09,Makkah,50-59,6
F,Jazan,A78,Jazan,00-17,6
M,Jazan,F45.2,Jazan,30-39,2
M,Riyadh,U86.2,Riyadh,70-79,2
F,Riyadh,R10.4,Riyadh,50-59,30
M,Jeddah,M46.20,Jeddah,80+,22
M,Qassim,E10.11,Qassim,40-49,2
F,Riyadh,F19.5,Riyadh,18-29,3
M,Makkah,J18.0,Medina,00-17,6
M,Jeddah,A18.8,Makkah,30-39,1
M,Asir,N18.5,Assir,80+,1
M,Riyadh,I46.0,Riyadh,80+,1
M,Jeddah,R05,Makkah,70-79,6
F,Qunfotha,S32.4,Makkah,40-49,6
M,Asir,S72.05,Assir,60-69,6
F,Asir,S63.10,Asir,00-17,1
M,Asir,J21.9,Medinah,00-17,1
M,Asir,G41.8,Assir,18-29,6
F,Jeddah,J45.9,Makkah,18-29,1
M,Asir,K29.0,Assir,00-17,7
F,Riyadh,M50.9,Riyadh,40-49,30
M,Qunfotha,S72.9,Makkah,80+,6
F,Makkah,R65.1,Makkah,00-17,6
F,Riyadh,Z50.9,East,00-17,1
F,Asir,D57.0,Assir,00-17,7
F,Asir,R07.4,Assir,70-79,6
F,Medinah,F19.0,Medina,18-29,7
F,Medinah,I26.9,Medinah,80+,2
F,Riyadh,U53.1,Riyadh,00-17,1
M,Qassim,N39.0,Qassim,80+,2
M,Riyadh,J96.01,Riyadh,40-49,32
F,Eastern Region,E11.11,East,80+,18
M,Jeddah,Z23.7,Jeddah,00-17,19
F,Jeddah,J15.9,Jeddah,60-69,42
F,Qassim,J45.9,Qassim,50-59,3
M,Qassim,S32.4,Qassim,50-59,2
M,Asir,K92.9,Assir,70-79,13
F,Riyadh,R56.8,Riyadh,00-17,27
F,Northern Borders,I64,Riyadh,60-69,61
F,Riyadh,I64,Riyadh,60-69,367
F,Asir,J45.9,Assir,00-17,92
F,Asir,I64,Assir,40-49,6
F,Taif,R52.9,Makkah,60-69,1
M,Jeddah,R56.8,Makkah,00-17,1
M,Jeddah,D55.0,Makkah,18-29,1
F,Riyadh,J18.8,Riyadh,60-69,32
M,Riyadh,J45.9,Riyadh,30-39,96
F,Jeddah,K92.2,Jeddah,70-79,42
M,Asir,M00.80,Assir,00-17,7
M,Baha,M05.88,Jeddah,60-69,20
M,Qassim,E87.6,Qassim,40-49,3
F,Riyadh,Z50.9,Riyadh,60-69,26
F,Jeddah,I26.9,Jeddah,50-59,67
F,Jeddah,E16.2,Jeddah,18-29,22
F,Qassim,A41.9,Qassim,80+,16
F,Qassim,N17.9,Qassim,60-69,5
M,Makkah,R57.2,Makkah,70-79,6
F,Medinah,K92.2,Medina,00-17,6
M,Jeddah,D02.2,Makkah,60-69,1
M,Asir,N32.9,Assir,80+,6
M,Najran,G40.60,Najran,00-17,12
F,Jeddah,A41.9,Jeddah,70-79,64
M,Makkah,G44.0,Makkah,50-59,6
M,Makkah,N17.9,Makkah,80+,17
M,Jeddah,P59.9,Jeddah,30-39,21
M,Najran,M89.55,Najran,30-39,2
F,Jeddah,Z51.9,Makkah,30-39,1
M,Riyadh,K92.9,Riyadh,60-69,62
M,Jeddah,J15.9,Makkah,00-17,3
F,Najran,M63.08,Najran,00-17,3
F,Jeddah,R60.9,Jeddah,70-79,19
M,Eastern Region,K92.2,East,30-39,30
F,Jeddah,I44.2,Jeddah,70-79,24
F,Jeddah,K76.9,Makkah,60-69,1
M,Riyadh,P22.0,Riyadh,00-17,186
M,Jeddah,J12.0,Makkah,60-69,1
F,Jouf,P07.32,Riyadh,00-17,62
M,Riyadh,W01.0,Riyadh,40-49,30
F,Riyadh,R07.4,Riyadh,18-29,31
F,Jeddah,G91.9,Jeddah,18-29,21
F,Jeddah,P58.3,Makkah,00-17,1
F,Medinah,A41.9,Medina,80+,19
F,Jeddah,R57.9,Makkah,70-79,1
F,Najran,Z50.8,Riyadh,00-17,3
M,Jeddah,R57.2,Makkah,70-79,5
F,Tabuk,I26.9,Medina,70-79,7
M,Riyadh,J45.9,Riyadh,60-69,31
M,Najran,S72.9,Najran,00-17,3
M,Qunfotha,M48.42,Makkah,00-17,6
F,Asir,A78,Assir,00-17,6
M,Asir,R05,Assir,40-49,13
M,Qassim,R05,Qassim,18-29,9
F,Najran,R05,Najran,00-17,52
M,Hafer AlBatin,J45.9,Hafer Albatin,00-17,2
F,Jeddah,I64,Jeddah,30-39,2
F,Qassim,R07.4,Qassim,60-69,1
M,Riyadh,R56.8,Riyadh,00-17,29
F,Riyadh,R05,Riyadh,00-17,919
F,Asir,I64,Assir,50-59,12
F,Jeddah,S72.9,Makkah,80+,3
F,Jeddah,I21.9,Makkah,50-59,3
M,Riyadh,K92.2,Riyadh,40-49,31
F,Jeddah,I40.0,Jeddah,60-69,22
M,Riyadh,R05,Riyadh,60-69,292
F,Jeddah,Z93.0,Makkah,00-17,2
F,Riyadh,J12.8,Riyadh,60-69,33
M,Jeddah,J15.9,Jeddah,70-79,63
F,Jeddah,J96.00,Makkah,70-79,4
F,Jeddah,I24.9,Makkah,60-69,5
F,Riyadh,A41.8,Riyadh,80+,34
F,Jeddah,G93.1,Jeddah,40-49,19
F,Jeddah,J18.0,Makkah,80+,2
M,Qassim,N18.9,Qassim,70-79,5
M,Riyadh,G12.9,Riyadh,50-59,32
M,Riyadh,U82.3,Riyadh,70-79,91
M,Jeddah,I64,Makkah,80+,10
M,Jeddah,D64.9,Jeddah,40-49,21
F,Najran,M00.80,Najran,00-17,3
F,Jeddah,E87.0,Makkah,30-39,1
M,Makkah,I62.9,Makkah,40-49,6
M,Riyadh,N21.9,Riyadh,80+,31
F,Riyadh,D09.7,Riyadh,50-59,3
M,Riyadh,N39.9,Riyadh,00-17,34
F,Makkah,J18.9,Makkah,50-59,12
F,Eastern Region,R56.0,East,00-17,17
M,Riyadh,S82.21,Riyadh,30-39,31
M,Riyadh,E13.15,Riyadh,30-39,33
M,Riyadh,J47,Riyadh,40-49,32
F,Jeddah,P22.8,Makkah,00-17,1
M,Jazan,S06.03,Assir,80+,6
F,Jeddah,R65.1,Makkah,00-17,1
F,Jeddah,N91.2,Makkah,30-39,1
M,Najran,U80.3,Najran,00-17,37
M,Jeddah,E13.11,Jeddah,50-59,40
M,Qassim,I24.9,Riyadh,00-17,30
F,Qassim,R57.9,Qassim,60-69,2
M,Medinah,U80.3,Medina,00-17,12
F,Outside-KSA,G93.5,Makkah,30-39,1
M,Riyadh,M51.9,East,00-17,2
F,Jeddah,P22.9,Makkah,30-39,2
M,Jeddah,S06.5,Jeddah,00-17,22
M,Jeddah,U82.3,Jeddah,50-59,42
F,Jeddah,J46,Makkah,00-17,2
F,Jeddah,E13.15,Makkah,40-49,2
M,Riyadh,R10.0,Riyadh,40-49,31
M,Jeddah,H91.9,Jeddah,00-17,1
F,Qassim,R57.0,Qassim,00-17,2
M,Asir,K72.1,Assir,50-59,6
F,Asir,P36.0,Assir,00-17,6
M,Jeddah,Q90.9,Makkah,00-17,1
M,Qunfotha,S52.02,Makkah,18-29,6
F,Riyadh,J18.0,Riyadh,60-69,34
M,Jeddah,N17.9,Jeddah,18-29,19
M,Makkah,R57.9,Makkah,80+,5
F,Asir,J18.0,Assir,00-17,201
M,Jeddah,S82.0,Makkah,50-59,1
F,Makkah,O42.9,Makkah,30-39,6
M,Bisha,J18.9,Riyadh,40-49,32
F,Riyadh,Z47.0,Riyadh,80+,29
F,Makkah,I24.9,Makkah,80+,24
M,Makkah,K92.0,Jeddah,60-69,19
M,Riyadh,E11.73,Riyadh,50-59,91
F,Jeddah,R05,Jeddah,00-17,393
M,Qassim,J44.1,Qassim,70-79,3
M,Riyadh,J44.1,Riyadh,50-59,1
M,Riyadh,J90,Riyadh,40-49,29
F,Makkah,S06.03,Makkah,70-79,6
F,Jeddah,R57.8,Jeddah,70-79,1
F,Jeddah,O60.0,Jeddah,30-39,20
M,Riyadh,N17.0,Riyadh,70-79,31
M,Riyadh,A41.4,Riyadh,00-17,34
M,Eastern Region,Z50.9,East,18-29,6
F,Medinah,J18.9,Medinah,00-17,15
M,Jeddah,J96.19,Jeddah,30-39,21
M,Makkah,N17.9,Medina,60-69,7
M,Jeddah,S72.3,Jeddah,60-69,20
M,Riyadh,S42.23,Riyadh,30-39,30
F,Medinah,S98.3,Jeddah,00-17,1
F,Bisha,A78,Assir,00-17,6
M,Jeddah,S73.00,Makkah,70-79,1
M,Riyadh,N17.9,Riyadh,60-69,31
F,Medinah,R10.4,Medinah,00-17,1
F,Riyadh,U82.3,Northern Borders,80+,1
M,Riyadh,R07.3,Riyadh,50-59,35
M,Jeddah,R11,Jeddah,00-17,21
F,Asir,R57.2,Assir,80+,13
M,Jeddah,P07.31,Makkah,00-17,2
F,Riyadh,M46.42,Riyadh,60-69,31
F,Qassim,I69.4,Qassim,50-59,2
M,Riyadh,Q65.82,Riyadh,18-29,1
M,Asir,I64,Assir,30-39,6
F,Eastern Region,D50.8,East,30-39,17
F,Jeddah,R57.1,Jeddah,70-79,19
F,Jeddah,J47,Jeddah,70-79,2
F,Riyadh,J15.1,Riyadh,30-39,32
F,Jazan,Q90.9,Jazan,18-29,2
F,Asir,G41.9,Asir,00-17,1
M,Riyadh,J96.09,Riyadh,50-59,35
F,Asir,E10.13,Assir,00-17,6
M,Jeddah,A41.9,Jeddah,70-79,133
F,Najran,E11.11,Najran,00-17,3
F,Northern Borders,E11.11,Riyadh,70-79,31
F,Jeddah,U80.3,Makkah,50-59,1
M,Jeddah,E13.15,Makkah,50-59,2
M,Jeddah,Z93.0,Jeddah,70-79,22
F,Jeddah,J96.00,Jeddah,70-79,68
M,Jazan,E13.16,Assir,00-17,6
F,Riyadh,I24.9,Riyadh,50-59,31
M,Jouf,D83.8,Riyadh,00-17,30
M,Asir,I98.3,Assir,60-69,12
F,Qassim,J18.9,Qassim,40-49,2
F,Riyadh,K76.9,Riyadh,50-59,32
M,Makkah,S56.8,Makkah,00-17,1
F,Jeddah,J18.0,Jeddah,70-79,1
F,Jazan,S82.82,Jazan,18-29,2
F,Medinah,J96.01,Medina,60-69,7
M,Medinah,K29.1,Medinah,00-17,1
F,Jeddah,O41.0,Makkah,00-17,1
M,Jeddah,E03.9,Jeddah,18-29,20
M,Asir,R57.2,Assir,50-59,1
M,Riyadh,D57.0,Riyadh,40-49,1
F,Najran,D57.1,Najran,00-17,3
M,Jeddah,A37.1,Makkah,00-17,1
F,Jeddah,I21.9,Jeddah,70-79,39
F,Riyadh,G20,Riyadh,50-59,3
F,Medinah,J96.00,Medinah,00-17,1
M,Riyadh,E87.1,Riyadh,40-49,1
F,Jeddah,R52.9,Makkah,70-79,1
M,Qassim,R10.0,Qassim,18-29,4
M,Qassim,J18.9,Qassim,50-59,2
M,Medinah,E13.15,Medinah,50-59,1
F,Makkah,N17.9,Makkah,18-29,1
M,Jeddah,E14.11,Northern Borders,40-49,1
M,Najran,R05,Assir,00-17,6
M,Qassim,J44.8,Qassim,80+,3
F,Qurayyat,I42.0,Riyadh,00-17,30
F,Jeddah,I64,Jeddah,18-29,19
M,Medinah,D57.1,Medina,00-17,6
M,Eastern Region,I64,East,50-59,17
F,Northern Borders,Z50.8,Riyadh,00-17,3
F,Jeddah,I26.9,Makkah,40-49,1
F,Medinah,Q87.83,Medina,00-17,6
F,Qassim,K62.5,Qassim,80+,2
M,Bisha,P59.9,Assir,80+,6
M,Medinah,I60.8,Medina,60-69,1
M,Eastern Region,N39.0,East,60-69,18
M,Makkah,N11.1,Makkah,70-79,6
F,Jeddah,A41.9,Jeddah,40-49,20
M,Jeddah,M00.88,Jeddah,40-49,20
F,Qassim,I26.9,Qassim,50-59,2
M,Outside-KSA,Z50.9,Riyadh,30-39,2
F,Makkah,R10.0,Makkah,40-49,6
F,Riyadh,R10.4,Riyadh,30-39,31
F,Jeddah,G61.0,Makkah,00-17,1
M,Jeddah,N18.9,Makkah,18-29,1
F,Jeddah,K92.9,Makkah,70-79,1
F,Eastern Region,Z50.9,East,80+,2
M,Outside-KSA,P07.30,Jeddah,00-17,1
F,Qassim,N17.1,Qassim,70-79,3
M,Medinah,K92.2,Medinah,70-79,1
F,Medinah,U80.3,Medinah,00-17,1
M,Qurayyat,J18.9,Riyadh,00-17,30
M,Riyadh,P59.9,Riyadh,50-59,60
M,Riyadh,K92.2,Riyadh,60-69,30
F,Qassim,N17.9,Qassim,30-39,2
F,Jeddah,E11.11,Makkah,60-69,1
M,Riyadh,G83.4,Riyadh,60-69,3
M,Makkah,I48.9,Makkah,80+,6
F,Asir,S83.10,Assir,60-69,8
F,Jeddah,O60.0,Jeddah,40-49,20
F,Outside-KSA,D33.1,Jeddah,40-49,22
M,Jeddah,E87.1,Makkah,40-49,1
F,Riyadh,J96.09,Riyadh,50-59,30
F,Asir,U84.3,Assir,00-17,7
F,Jeddah,S82.21,Makkah,18-29,1
F,Asir,G40.71,Assir,00-17,6
F,Eastern Region,Z50.9,East,00-17,3
M,Makkah,I50.9,Makkah,80+,1
F,Riyadh,I64,Riyadh,30-39,33
F,Jeddah,I51.9,Makkah,70-79,1
F,Medinah,P36.0,Medinah,80+,1
M,Riyadh,G37.0,Riyadh,50-59,3
M,Riyadh,D69.4,Riyadh,80+,29
F,Jeddah,I24.9,Makkah,40-49,4
M,Jeddah,I21.9,Jeddah,70-79,20
M,Makkah,I50.0,Makkah,50-59,6
M,Qassim,P07.32,Qassim,00-17,2
F,Jeddah,E16.1,Makkah,18-29,1
M,Medinah,G41.9,Medina,18-29,6
F,Jeddah,G93.4,Jeddah,60-69,21
M,Eastern Region,S98.2,Eastern Region,00-17,1
F,Qassim,J44.9,Qassim,50-59,2
M,Jeddah,E16.2,Jeddah,18-29,20
F,Riyadh,J80,Riyadh,00-17,38
F,Jouf,S82.21,Riyadh,00-17,31
M,Jeddah,E87.1,Jeddah,50-59,21
M,Qassim,L89.21,Qassim,40-49,2
F,Qassim,R05,Qassim,30-39,3
F,Medinah,O64.1,Medina,30-39,6
M,Medinah,I64,Medina,50-59,1
M,Jeddah,E07.9,Jeddah,30-39,1
M,Bisha,K92.9,Jeddah,40-49,21
F,Riyadh,L03.19,Riyadh,50-59,64
F,Qunfotha,S72.00,Makkah,70-79,6
F,Jazan,R65.1,Jazan,00-17,2
M,Hassa,U80.4,Ihsaa,00-17,1
F,Riyadh,R57.2,Riyadh,40-49,1
F,Jeddah,S06.03,Jeddah,60-69,45
F,Asir,J18.8,Assir,00-17,7
F,Najran,R11,Najran,00-17,10
F,Jazan,A41.9,Jazan,60-69,4
M,Jeddah,R57.9,Jeddah,60-69,23
M,Asir,S65.5,Assir,00-17,7
M,Jeddah,G41.9,Makkah,50-59,1
F,Medinah,K72.9,Medina,18-29,6
F,Jeddah,E13.15,Makkah,00-17,2
F,Jeddah,O43.1,Jeddah,18-29,19
F,Medinah,J96.01,Medinah,70-79,1
F,Jeddah,E87.1,Makkah,80+,1
M,Makkah,U80.3,Makkah,40-49,6
F,Eastern Region,A41.9,East,00-17,17
M,Jeddah,V09.9,Makkah,60-69,1
M,Jazan,S06.8,Jazan,18-29,1
M,Jeddah,X40,Jeddah,30-39,21
M,Makkah,F20.9,Makkah,30-39,6
F,Asir,K86.1,Assir,40-49,7
M,Jouf,S72.9,Riyadh,30-39,31
F,Medinah,R57.0,Medinah,80+,1
M,Makkah,V99,Makkah,18-29,12
M,Riyadh,M76.1,Riyadh,60-69,31
M,Qunfotha,Z50.9,Riyadh,50-59,1
M,Bisha,V99,Riyadh,18-29,61
M,Riyadh,G40.60,Riyadh,00-17,94
M,Medinah,B05.9,Medina,00-17,12
M,Jazan,A77.8,Jazan,00-17,2
F,Jeddah,I10,Makkah,80+,1
M,Hafer AlBatin,Z50.9,Riyadh,60-69,3
M,Jeddah,U80.3,Jeddah,40-49,19
F,Jazan,Z50.9,Jeddah,00-17,1
F,Jeddah,A41.9,Makkah,40-49,1
M,Riyadh,D69.4,Riyadh,18-29,31
F,Jeddah,G41.9,Jeddah,00-17,20
M,Jazan,Z50.8,Jeddah,00-17,1
M,Jeddah,S82.21,Jeddah,40-49,39
F,Makkah,V24.00,Makkah,00-17,6
F,Jeddah,R42,Jeddah,70-79,19
M,Eastern Region,R57.9,East,50-59,17
F,Eastern Region,Z50.9,East,18-29,2
M,Asir,S72.9,Assir,60-69,6
F,Jeddah,S22.43,Jeddah,60-69,20
M,Jeddah,D57.1,Makkah,00-17,1
M,Riyadh,U80.3,Riyadh,30-39,33
F,Jeddah,J96.01,Makkah,00-17,1
M,Jeddah,N17.1,Jeddah,30-39,1
M,Northern Borders,K92.9,Riyadh,80+,30
M,Riyadh,U82.3,Riyadh,50-59,61
F,Asir,N17.9,Assir,30-39,13
F,Asir,I24.9,Assir,40-49,6
M,Riyadh,S42.23,Riyadh,18-29,31
F,Jazan,K76.9,Jazan,60-69,2
M,Bisha,I61.3,Riyadh,70-79,1
M,Medinah,J06.9,Medinah,00-17,1
F,Medinah,J20.9,Medina,00-17,106
M,Bisha,I64,Assir,70-79,6
M,Makkah,R52.9,Makkah,40-49,1
F,Jeddah,I64,Jeddah,80+,278
F,Jeddah,R05,Jeddah,50-59,64
F,Riyadh,R30.0,Riyadh,80+,33
M,Jeddah,D57.1,Jeddah,18-29,19
M,Medinah,J21.9,Medina,00-17,221
M,Jeddah,S09.9,Jeddah,18-29,68
F,Qassim,I42.0,Qassim,50-59,2
M,Makkah,R57.2,Makkah,80+,12
M,Jazan,G03.9,Jazan,00-17,4
F,Medinah,O09.9,Medina,18-29,80
M,Medinah,I24.9,Medina,60-69,6
M,Bisha,J18.0,Assir,00-17,14
M,Makkah,K92.2,Makkah,80+,6
F,Jeddah,S85.1,Makkah,18-29,1
F,Qassim,E13.12,Qassim,30-39,2
M,Makkah,J96.09,Makkah,60-69,12
M,Jeddah,I61.9,Makkah,50-59,1
F,Jeddah,I24.9,Makkah,50-59,4
F,Qassim,J45.8,Qassim,60-69,3
F,Asir,J12.8,Assir,00-17,7
M,Makkah,J18.9,Makkah,00-17,72
F,Jazan,A41.8,Jazan,60-69,2
F,Jeddah,S70.88,Makkah,40-49,1
F,Jeddah,N17.9,Makkah,50-59,1
M,Jeddah,R57.2,Jeddah,40-49,19
F,Riyadh,A41.9,Riyadh,30-39,126
F,Jeddah,E10.11,Jeddah,30-39,22
M,Jeddah,I26.9,Makkah,50-59,2
M,Riyadh,S72.11,Riyadh,50-59,30
F,Riyadh,A09.9,Riyadh,30-39,32
F,Riyadh,D59.9,Riyadh,00-17,40
M,Makkah,S06.03,Makkah,50-59,7
F,Jeddah,P07.32,Jeddah,30-39,80
M,Riyadh,J46,Riyadh,50-59,33
F,Jeddah,O00.0,Jeddah,18-29,128
M,Medinah,J46,Medina,00-17,13
M,Asir,R57.2,Assir,70-79,7
F,Jeddah,S72.05,Makkah,00-17,1
M,Riyadh,T78.2,Riyadh,00-17,30
F,Asir,S63.10,Assir,00-17,13
F,Riyadh,G93.9,Riyadh,18-29,63
M,Jouf,G40.60,Riyadh,70-79,31
M,Riyadh,I61.9,Riyadh,80+,61
F,Riyadh,U82.3,Riyadh,40-49,30
F,Riyadh,O00.0,Riyadh,30-39,366
F,Asir,I69.4,Assir,80+,7
F,Jeddah,S72.9,Makkah,60-69,1
F,Jouf,J18.9,Qassim,00-17,2
M,Jeddah,A41.8,Jeddah,50-59,40
M,Jeddah,N17.9,Jeddah,50-59,66
F,Medinah,E20.9,Medina,30-39,6
F,Jeddah,R05,Makkah,50-59,3
F,Jeddah,I64,Jeddah,70-79,209
M,Jeddah,J21.9,Makkah,00-17,6
M,Medinah,R51,Medina,30-39,5
M,Jeddah,R42,Jeddah,60-69,21
F,Qassim,R05,Qassim,60-69,25
F,Jeddah,J45.9,Jeddah,00-17,163
M,Jeddah,R05,Makkah,18-29,12
F,Qassim,R10.0,Qassim,18-29,4
F,Makkah,R05,Makkah,18-29,12
M,Qassim,I64,Qassim,80+,7
M,Jeddah,I70.1,Jeddah,40-49,40
M,Jazan,S82.40,Jazan,00-17,2
F,Asir,I24.9,Assir,18-29,6
M,Jeddah,I24.9,Jeddah,50-59,337
F,Riyadh,J96.09,Riyadh,00-17,31
F,Asir,J18.9,Assir,70-79,32
M,Jeddah,I64,Jeddah,80+,204
M,Makkah,I98.3,Makkah,60-69,6
M,Riyadh,A18.2,Riyadh,00-17,30
F,Jeddah,E11.11,Jeddah,70-79,64
F,Northern Borders,Z50.9,Riyadh,00-17,7
F,Asir,G40.60,Assir,80+,6
M,Riyadh,R57.8,Riyadh,60-69,31
F,Jeddah,Z51.9,Jeddah,30-39,20
F,Riyadh,H70.1,Riyadh,80+,30
M,Riyadh,E11.11,Riyadh,40-49,92
M,Makkah,S32.4,Makkah,18-29,6
M,Qassim,I24.9,Qassim,80+,3
M,Qassim,K92.2,Qassim,18-29,7
F,Riyadh,N39.9,Riyadh,30-39,31
F,Makkah,I61.5,Makkah,60-69,6
F,Bisha,I46.9,Jeddah,30-39,21
F,Tabuk,V99,Medina,50-59,7
M,Riyadh,S06.03,Riyadh,00-17,31
M,Riyadh,K29.1,Riyadh,18-29,64
M,Jeddah,S06.01,Makkah,80+,1
M,Riyadh,S76.1,Riyadh,60-69,35
F,Riyadh,E11.11,Riyadh,80+,500
M,Qassim,I46.0,Qassim,70-79,2
M,Asir,K75.4,Assir,00-17,6
F,Jeddah,O00.0,Makkah,40-49,7
M,Jeddah,I25.4,Jeddah,50-59,19
M,Qassim,J18.9,Qassim,80+,25
M,Hail,I51.9,Riyadh,00-17,31
F,Riyadh,A41.9,Riyadh,00-17,156
F,Jeddah,G25.1,Jeddah,00-17,23
F,Jeddah,A41.8,Jeddah,60-69,21
F,Jeddah,J18.9,Makkah,40-49,1
F,Jeddah,O64.3,Jeddah,30-39,20
F,Jeddah,E13.15,Jeddah,40-49,39
M,Riyadh,I26.9,Riyadh,00-17,31
F,Medinah,P22.0,Medina,00-17,12
M,Asir,J15.9,Assir,00-17,13
F,Makkah,F20.8,Makkah,40-49,6
M,Jeddah,E13.15,Makkah,00-17,4
M,Medinah,J18.9,Medina,60-69,18
M,Taif,P59.9,Makkah,00-17,1
F,Qurayyat,I42.9,Riyadh,50-59,29
F,Jeddah,J18.9,Jeddah,50-59,42
F,Riyadh,J18.0,Riyadh,80+,96
M,Jeddah,E11.11,Makkah,80+,2
M,Asir,S83.10,Assir,60-69,2
M,Qassim,E13.15,Qassim,60-69,2
M,Jazan,J45.9,Jazan,40-49,2
M,Riyadh,R06.6,Riyadh,40-49,33
M,Qunfotha,I98.3,Makkah,80+,6
F,Asir,G41.9,Assir,60-69,1
M,Asir,S42.42,Assir,00-17,6
F,Medinah,L03.8,Medinah,00-17,1
M,Makkah,I46.9,Makkah,70-79,6
M,Eastern Region,S62.63,East,00-17,18
M,Jeddah,J21.1,Makkah,00-17,1
M,Asir,P36.4,Assir,00-17,6
F,Asir,R05,Assir,60-69,6
M,Medinah,Z50.9,Riyadh,30-39,7
M,Taif,S82.38,Taef,00-17,2
M,Qassim,U82.3,Qassim,18-29,2
M,Eastern Region,G40.60,East,50-59,17
M,Asir,Z50.9,Riyadh,30-39,4
M,Makkah,M07.15,Makkah,18-29,5
M,Makkah,S52.31,Makkah,30-39,6
M,Jeddah,J18.9,Jeddah,40-49,85
M,Riyadh,I50.9,Riyadh,70-79,32
F,Riyadh,R47.0,Riyadh,50-59,31
F,Makkah,E87.1,Makkah,70-79,6
M,Jeddah,J44.9,Makkah,40-49,1
F,Eastern Region,J18.9,East,30-39,18
M,Makkah,R60.9,Makkah,80+,6
F,Riyadh,Z38.1,Riyadh,00-17,30
M,Riyadh,V99,Hail,18-29,2
F,Riyadh,K76.9,Riyadh,80+,3
M,Makkah,I74.8,Makkah,60-69,6
M,Makkah,J12.8,Makkah,00-17,6
M,Riyadh,U86.2,Riyadh,18-29,1
M,Medinah,P36.0,Medina,00-17,6
M,Eastern Region,P07.31,East,00-17,35
M,Jeddah,J44.1,Jeddah,18-29,22
M,Hail,S42.21,Hail,40-49,2
F,Riyadh,G35,Riyadh,30-39,2
M,Qunfotha,A93.8,Makkah,00-17,6
F,Tabuk,T22.02,Riyadh,00-17,33
F,Riyadh,S14.3,Riyadh,00-17,1
M,Asir,O75.0,Assir,00-17,1
M,Medinah,T24.0,Medinah,60-69,1
F,Jeddah,R57.1,Makkah,80+,1
M,Qunfotha,S32.4,Makkah,30-39,6
M,Riyadh,R10.0,Riyadh,50-59,32
F,Riyadh,G82.02,Riyadh,30-39,32
M,Najran,I64,Najran,00-17,4
F,Jeddah,J45.9,Makkah,00-17,8
F,Jeddah,R52.0,Jeddah,18-29,22
F,Jeddah,R00.2,Jeddah,50-59,20
M,Jeddah,J45.9,Jeddah,00-17,222
F,Qassim,I64,Qassim,70-79,8
M,Jeddah,I64,Jeddah,00-17,21
M,Riyadh,M25.57,East,30-39,1
F,Riyadh,R07.3,Riyadh,60-69,34
F,Jeddah,R00.2,Makkah,50-59,1
M,Jeddah,N39.0,Makkah,18-29,1
F,Jazan,I64,Jazan,70-79,2
M,Qassim,J80,Qassim,18-29,3
F,Makkah,S72.11,Makkah,70-79,6
F,Qassim,R65.1,Qassim,60-69,2
M,Asir,G40.60,Assir,70-79,6
M,Riyadh,J39.2,Riyadh,50-59,35
F,Asir,L89.90,Assir,80+,8
F,Riyadh,J18.0,Riyadh,00-17,322
F,Tabuk,P07.32,Makkah,00-17,2
M,Medinah,I69.4,Medina,70-79,6
M,Jeddah,I21.9,Makkah,60-69,13
F,Riyadh,J18.9,Riyadh,00-17,832
F,Medinah,I24.9,Medina,60-69,14
F,Qassim,I24.9,Qassim,70-79,8
F,Makkah,I51.9,Makkah,70-79,18
M,Makkah,I24.9,Makkah,40-49,12
M,Jeddah,A41.9,Jeddah,40-49,38
M,Riyadh,B40.0,Assir,30-39,5
F,Medinah,Q78.2,Medina,00-17,6
M,Qunfotha,V99,Makkah,18-29,18
F,Jeddah,A25.9,Makkah,00-17,1
M,Jeddah,J81,Jeddah,30-39,26
M,Medinah,I51.9,Makkah,60-69,1
F,Jeddah,U82.3,Jeddah,80+,87
M,Qassim,I26.0,Qassim,50-59,3
F,Najran,P24.3,Najran,00-17,3
F,Jeddah,R57.1,Makkah,00-17,1
F,Jazan,J81,Jazan,70-79,2
M,Jeddah,A41.9,Makkah,60-69,3
F,Makkah,K85.1,Makkah,60-69,6
F,Medinah,O61.0,Medina,18-29,6
F,Riyadh,P02.2,Riyadh,30-39,31
M,Asir,I24.9,Assir,40-49,20
M,Najran,R07.1,Assir,00-17,6
M,Jeddah,I24.9,Makkah,70-79,8
F,Jeddah,N17.9,Makkah,60-69,1
M,Riyadh,H60.0,Riyadh,40-49,29
F,Makkah,A41.8,Makkah,70-79,6
F,Jeddah,J96.09,Jeddah,70-79,25
F,Jouf,I62.0,Riyadh,80+,32
M,Riyadh,J46,Riyadh,00-17,32
F,Riyadh,J12.8,Riyadh,00-17,32
M,Makkah,C67.9,Jeddah,70-79,21
M,Riyadh,H60.8,Riyadh,00-17,37
M,Jeddah,S06.01,Jeddah,80+,22
F,Jeddah,I74.4,Makkah,50-59,1
M,Jeddah,E11.11,Makkah,00-17,5
M,Jeddah,P22.9,Jeddah,00-17,23
F,Outside-KSA,J96.01,Jeddah,00-17,20
F,Jeddah,I62.9,Jeddah,40-49,19
M,Riyadh,K52.2,Riyadh,18-29,33
M,Riyadh,Z50.8,Riyadh,18-29,6
M,Jeddah,I61.9,Jeddah,50-59,22
M,Qassim,J15.9,Qassim,60-69,4
M,Makkah,R57.8,Makkah,70-79,6
F,Riyadh,V99,Riyadh,18-29,64
F,Riyadh,O66.4,Riyadh,30-39,32
M,Riyadh,N17.9,Riyadh,00-17,91
F,Jeddah,P22.9,Makkah,18-29,2
M,Hafer AlBatin,J46,Hafer Albatin,00-17,2
M,Jeddah,D71,Jeddah,50-59,20
M,Jeddah,V99,Jeddah,60-69,22
F,Jeddah,E13.15,Makkah,30-39,1
F,Makkah,I46.9,Makkah,70-79,6
M,Jeddah,N17.9,Jeddah,60-69,44
M,Qunfotha,J90,Makkah,50-59,6
M,Jazan,D57.0,Jazan,00-17,2
M,Asir,Q71.41,Assir,00-17,6
M,Jazan,J96.19,Jazan,40-49,2
M,Makkah,S32.4,Makkah,70-79,6
M,Eastern Region,R65.1,East,80+,17
M,Jeddah,E10.11,Makkah,00-17,4
M,Riyadh,G35,Riyadh,40-49,1
M,Riyadh,P74.1,Riyadh,00-17,29
M,Jazan,R05,Jazan,00-17,14
M,Asir,I74.5,Assir,40-49,6
M,Jazan,G46.4,Assir,70-79,6
M,Jeddah,J96.00,Makkah,40-49,1
M,Qassim,N17.0,Qassim,60-69,3
M,Tabuk,S32.4,Medina,18-29,6
M,Asir,Z82.5,Assir,00-17,6
F,Asir,M00.86,Assir,50-59,1
M,Riyadh,I74.8,Riyadh,50-59,1
F,Medinah,I64,Medina,50-59,6
F,Jeddah,A48.0,Jeddah,50-59,21
F,Northern Borders,I24.9,Riyadh,60-69,31
M,Asir,G80.4,Assir,30-39,6
F,Jeddah,Q30.01,Jeddah,00-17,40
F,Riyadh,J96.09,Riyadh,80+,32
F,Riyadh,Z50.8,Riyadh,50-59,2
F,Jazan,J45.9,Jazan,40-49,2
M,Baha,V99,Assir,18-29,6
M,Qassim,I24.9,Qassim,00-17,3
M,Northern Borders,R57.2,Riyadh,60-69,33
F,Jazan,R57.2,Jazan,80+,2
M,Jazan,V99,Jazan,40-49,4
F,Medinah,I98.3,Medina,50-59,1
M,Bisha,M24.47,Riyadh,40-49,30
M,Riyadh,E11.65,Riyadh,80+,31
M,Makkah,I64,Jeddah,70-79,22
M,Makkah,I64,Makkah,40-49,24
M,Jeddah,J45.9,Makkah,00-17,11
F,Asir,O00.0,Assir,30-39,109
F,Asir,J20.9,Assir,00-17,126
F,Jeddah,R42,Makkah,80+,1
F,Jeddah,J39.9,Jeddah,40-49,19
M,Jeddah,R10.0,Jeddah,80+,22
F,Makkah,R05,Makkah,60-69,30
M,Medinah,R05,Riyadh,00-17,32
M,Jeddah,V21.02,Makkah,18-29,2
F,Jeddah,P59.0,Jeddah,30-39,20
F,Jeddah,J18.9,Makkah,00-17,16
F,Jeddah,J18.9,Makkah,80+,10
M,Qassim,R60.9,Qassim,80+,3
M,Riyadh,J15.9,Riyadh,50-59,64
M,Jeddah,J18.0,Jeddah,80+,27
F,Jeddah,P07.31,Makkah,00-17,6
F,Jeddah,S70.88,Jeddah,40-49,20
M,Jeddah,J44.1,Jeddah,50-59,41
F,Jeddah,R05,Jeddah,70-79,117
M,Najran,V99,Najran,18-29,4
M,Jeddah,E14.11,Jeddah,40-49,22
M,Qassim,K81.9,Qassim,80+,2
M,Riyadh,R05,Riyadh,50-59,95
M,Makkah,N17.9,Makkah,60-69,18
M,Asir,P59.2,Assir,00-17,5
F,Qassim,S06.03,Qassim,18-29,2
F,Jeddah,O43.8,Makkah,18-29,1
F,Jeddah,J90,Jeddah,60-69,20
F,Jeddah,E88.0,Makkah,18-29,1
M,Jeddah,I51.9,Jeddah,60-69,100
M,Jeddah,E11.11,Jeddah,70-79,67
F,Jeddah,I60.8,Makkah,18-29,1
F,Hail,Y71.1,Riyadh,00-17,3
M,Asir,P22.0,Assir,00-17,45
F,Asir,J18.9,Assir,00-17,284
F,Jeddah,S72.9,Jeddah,60-69,21
M,Tabuk,E11.11,Medina,70-79,7
F,Jazan,S72.8,Jazan,60-69,2
M,Medinah,U80.3,Medina,18-29,7
F,Asir,J18.0,Assir,18-29,6
M,Jazan,I95.8,Jazan,70-79,2
M,Asir,S72.43,Assir,00-17,12
F,Qassim,R57.2,Qassim,70-79,18
F,Jeddah,E11.15,Jeddah,50-59,22
F,Makkah,J18.9,Makkah,80+,48
M,Makkah,R57.2,Makkah,60-69,12
M,Makkah,I51.9,Jeddah,60-69,20
M,Jeddah,P22.8,Makkah,00-17,2
F,Northern Borders,J18.9,Riyadh,60-69,62
M,Riyadh,R06.6,Riyadh,00-17,96
F,Jeddah,I62.9,Jeddah,50-59,20
M,Jeddah,K92.2,Jeddah,00-17,41
M,Asir,U80.3,Assir,30-39,7
F,Riyadh,R10.0,Riyadh,40-49,62
M,Riyadh,C90.00,Riyadh,60-69,3
F,Medinah,J93.0,Medina,50-59,6
F,Jeddah,I20.0,Makkah,70-79,1
F,Jeddah,A41.9,Makkah,50-59,3
M,Jeddah,P70.1,Jeddah,00-17,21
M,Jouf,K90.4,Riyadh,00-17,31
M,Jeddah,E11.11,Makkah,30-39,1
F,Medinah,U82.3,Medina,30-39,7
M,Qassim,I46.0,Qassim,30-39,3
F,Bisha,R11,Jeddah,00-17,20
M,Jeddah,S09.9,Jeddah,00-17,20
F,Taif,K92.9,Makkah,70-79,1
M,Jeddah,N21.1,Makkah,30-39,1
F,Riyadh,N13.1,Riyadh,00-17,30
F,Asir,P07.31,Assir,00-17,27
F,Medinah,N17.9,Medina,50-59,6
M,Qassim,M48.42,Riyadh,50-59,30
M,Riyadh,S63.01,Riyadh,18-29,31
M,Jazan,S02.8,Assir,30-39,6
F,Riyadh,A85.8,Riyadh,50-59,1
F,Asir,J15.9,Assir,80+,1
F,Northern Borders,R05,Najran,00-17,3
M,Taif,S72.05,Jeddah,60-69,20
M,Asir,R51,Assir,00-17,6
F,Asir,G40.60,Assir,60-69,6
M,Jazan,T21.04,Asir,00-17,1
M,Medinah,E11.11,Medinah,60-69,1
F,Makkah,I74.8,Makkah,80+,6
M,Asir,S62.50,Assir,00-17,7
M,Medinah,I50.9,Medina,50-59,6
F,Qassim,I10,Qassim,70-79,3
M,Jeddah,R05,Jeddah,60-69,78
M,Jeddah,I64,Makkah,18-29,1
M,Asir,I21.9,Assir,40-49,6
F,Riyadh,N17.9,Riyadh,18-29,30
F,Makkah,G41.9,Makkah,70-79,6
F,Riyadh,S42.23,Riyadh,30-39,31
F,Najran,D69.3,Najran,00-17,3
M,Eastern Region,Z50.9,East,70-79,2
F,Riyadh,J45.9,Riyadh,40-49,30
M,Asir,S02.8,Assir,18-29,7
F,Jazan,I24.9,Jazan,50-59,2
F,Qunfotha,J96.09,Makkah,70-79,6
F,Asir,Z50.9,Jeddah,00-17,1
F,Riyadh,I69.4,Riyadh,18-29,1
F,Medinah,N18.9,Medina,80+,7
F,Riyadh,I26.9,Riyadh,60-69,32
F,Riyadh,G36.0,Riyadh,30-39,32
F,Tabuk,Q56.41,Tabuk,00-17,1
F,Asir,R57.2,Assir,18-29,6
M,Jazan,S72.05,Jazan,30-39,2
M,Jeddah,S01.88,Jeddah,00-17,24
F,Asir,G93.4,Assir,40-49,7
M,Medinah,T24.0,Medina,60-69,6
M,Jazan,M48.42,Assir,30-39,6
M,Riyadh,I46.0,Riyadh,00-17,1
M,Jeddah,J06.9,Makkah,00-17,1
F,Jeddah,R10.0,Jeddah,30-39,21
F,Asir,O00.0,Assir,18-29,42
F,Makkah,N18.5,Makkah,60-69,6
M,Makkah,K29.70,Makkah,00-17,6
F,Bisha,R05,Assir,00-17,6
M,Jeddah,I64,Jeddah,50-59,342
M,Jeddah,R56.8,Jeddah,00-17,17
M,Asir,J21.9,Assir,00-17,215
M,Qunfotha,I64,Makkah,80+,6
F,Qassim,I64,Qassim,60-69,9
F,Jeddah,J45.9,Jeddah,30-39,24
M,Jeddah,I26.9,Jeddah,40-49,22
F,Jeddah,O00.0,Makkah,18-29,6
F,Makkah,I21.9,Makkah,70-79,12
F,Tabuk,P07.31,Jeddah,00-17,20
M,Jeddah,P70.1,Makkah,00-17,1
M,Jeddah,N17.9,Jeddah,80+,60
F,Najran,U80.3,Najran,00-17,21
F,Qassim,A41.9,Qassim,00-17,11
M,Jeddah,J96.09,Makkah,80+,3
F,Najran,A41.9,Assir,00-17,6
M,Jeddah,J44.9,Jeddah,60-69,24
M,Riyadh,J18.0,Riyadh,80+,63
M,Makkah,N13.3,Makkah,00-17,20
F,Jazan,A40.8,Jazan,70-79,2
M,Makkah,P07.32,Jeddah,00-17,21
M,Qassim,R65.1,Qassim,80+,3
M,Jeddah,S06.4,Makkah,00-17,1
M,Jeddah,R05,Makkah,00-17,17
F,Riyadh,J96.01,Riyadh,00-17,34
M,Riyadh,P13.1,Riyadh,18-29,29
F,Jeddah,I46.0,Makkah,60-69,2
M,Asir,V99,Assir,30-39,24
F,Riyadh,I51.9,Riyadh,00-17,33
F,Baha,J18.9,Assir,50-59,7
M,Jeddah,S06.5,Makkah,00-17,1
F,Jeddah,E11.15,Makkah,50-59,1
F,Medinah,B35.4,Medina,00-17,6
F,Riyadh,G82.03,Riyadh,40-49,32
F,Medinah,I26.9,Medina,80+,13
M,Riyadh,D50.9,Riyadh,80+,31
M,Riyadh,J18.0,Riyadh,60-69,34
M,Riyadh,Z50.8,Riyadh,00-17,20
M,Riyadh,K52.8,Riyadh,00-17,33
F,Riyadh,D57.1,Riyadh,18-29,33
F,Medinah,A41.9,Medina,00-17,97
F,Tabuk,Q56.41,Medina,00-17,6
M,Jeddah,I21.9,Jeddah,60-69,250
F,Riyadh,J15.9,Riyadh,60-69,34
M,Eastern Region,A41.9,East,60-69,36
M,Jeddah,R05,Makkah,80+,3
M,Asir,S06.9,Assir,18-29,7
F,Bisha,R17,Assir,00-17,6
M,Jeddah,I24.9,Makkah,40-49,16
M,Jeddah,K92.9,Makkah,00-17,2
M,Jeddah,E11.11,Makkah,50-59,3
M,Jeddah,I46.0,Jeddah,70-79,2
M,Qassim,I21.9,Qassim,50-59,7
M,Outside-KSA,N18.9,Riyadh,70-79,31
F,Jeddah,K92.1,Makkah,70-79,1
M,Makkah,V99,Makkah,00-17,12
F,Jeddah,S72.9,Jeddah,70-79,21
F,Asir,I50.9,Assir,80+,19
M,Riyadh,R52.9,Riyadh,30-39,63
F,Riyadh,A87.1,Riyadh,00-17,32
M,Makkah,I51.9,Makkah,60-69,13
M,Jeddah,S72.9,Jeddah,80+,42
F,Riyadh,J44.1,Riyadh,60-69,32
M,Jeddah,Z50.9,Jeddah,60-69,2
M,Qunfotha,N23,Makkah,00-17,6
M,Jeddah,R05,Makkah,60-69,4
M,Jazan,A41.8,Jazan,60-69,2
F,Asir,P22.0,Assir,18-29,1
M,Qunfotha,E10.73,Makkah,50-59,6
M,Jeddah,K92.9,Jeddah,70-79,20
M,Riyadh,J18.0,Riyadh,70-79,66
M,Riyadh,I25.0,Riyadh,50-59,34
F,Medinah,K29.70,Medinah,00-17,1
F,Makkah,R05,Makkah,00-17,18
M,Riyadh,N21.9,Riyadh,60-69,31
M,Jazan,S83.0,Jazan,18-29,2
M,Qunfotha,S52.51,Makkah,18-29,7
F,Asir,I30.9,Assir,70-79,7
F,Medinah,S72.9,Medina,70-79,6
M,Jeddah,I21.9,Jeddah,18-29,19
F,Jazan,D57.0,Jazan,00-17,2
F,Asir,I21.9,Assir,60-69,6
M,Asir,I10,Assir,40-49,6
F,Jeddah,Z50.8,Jeddah,50-59,1
M,Medinah,K29.1,Medina,00-17,6
M,Riyadh,Z50.9,Riyadh,70-79,13
F,Qassim,E11.65,Qassim,70-79,3
M,Jeddah,J96.19,Makkah,70-79,1
F,Jazan,J15.9,Jazan,80+,2
M,Medinah,J18.9,Medinah,00-17,38
F,Asir,O09.9,Assir,18-29,1
M,Medinah,J18.9,Medinah,80+,2
M,Medinah,A38,Medina,00-17,6
F,Jeddah,N17.9,Jeddah,40-49,43
M,Medinah,P71.1,Medina,60-69,7
F,Asir,S42.29,Assir,60-69,7
M,Medinah,C18.9,Medina,60-69,1
M,Riyadh,I50.9,Riyadh,60-69,69
M,Qurayyat,U80.4,Riyadh,18-29,32
F,Riyadh,I51.9,Riyadh,80+,32
F,Qurayyat,I51.9,Riyadh,00-17,31
M,Jazan,N18.3,Jazan,70-79,2
M,Jeddah,M46.20,Makkah,80+,1
M,Jeddah,R57.8,Makkah,60-69,1
F,Riyadh,J44.9,Riyadh,70-79,1
F,Eastern Region,D34,East,18-29,1
M,Medinah,Z50.9,Jeddah,50-59,1
F,Medinah,A41.9,Medinah,80+,3
M,Asir,I21.9,Assir,70-79,6
M,Asir,U82.3,Assir,80+,6
F,Jeddah,J15.9,Makkah,70-79,1
F,Riyadh,S06.03,Riyadh,50-59,31
F,Riyadh,J44.0,Riyadh,50-59,1
M,Jazan,V99,Jazan,30-39,3
M,Jazan,J96.09,Jazan,70-79,2
M,Najran,M60.00,Najran,00-17,3
M,Jeddah,K76.9,Makkah,40-49,1
F,Riyadh,N17.9,Riyadh,80+,1
F,Riyadh,K59.0,Riyadh,80+,1
F,Jeddah,K41.0,Makkah,80+,1
F,Makkah,N18.9,Makkah,60-69,6
M,Riyadh,J21.0,Riyadh,00-17,32
F,Tabuk,A78,Medinah,80+,1
F,Jeddah,S82.81,Jeddah,70-79,22
M,Jeddah,A41.9,Makkah,18-29,2
M,Jeddah,G03.8,Jeddah,50-59,19
F,Qassim,U80.3,Qassim,18-29,5
M,Jeddah,R57.9,Makkah,00-17,1
F,Medinah,Z50.9,Riyadh,40-49,2
M,Jeddah,Z50.9,Riyadh,00-17,4
M,Asir,J80,Assir,00-17,7
M,Riyadh,S14.11,Riyadh,30-39,1
M,Jeddah,U80.4,Jeddah,18-29,1
F,Jazan,I48.9,Jazan,70-79,2
M,Jazan,R05,Jazan,40-49,2
F,Bisha,R17,Assir,60-69,6
M,Riyadh,M80.04,Riyadh,18-29,30
F,Riyadh,R10.0,Riyadh,70-79,2
F,Tabuk,V99,Medinah,18-29,1
F,Qassim,S06.03,Qassim,80+,3
M,Jeddah,U80.3,Makkah,00-17,2
M,Hafer AlBatin,G54.0,Hafer Albatin,18-29,2
M,Qassim,P28.40,Qassim,00-17,3
F,Makkah,G04.8,Jeddah,00-17,19
M,Jeddah,S72.05,Makkah,70-79,1
F,Medinah,J96.01,Medina,70-79,6
M,Eastern Region,D35.0,East,40-49,15
F,Makkah,G93.1,Makkah,80+,6
M,Bisha,V99,Assir,40-49,6
M,Jeddah,C34.9,Jeddah,70-79,1
M,Makkah,V99,Makkah,60-69,6
F,Eastern Region,N17.9,East,60-69,17
M,Jazan,I79.0,Jazan,50-59,2
M,Medinah,U82.3,Medinah,50-59,1
M,Eastern Region,R05,East,18-29,18
M,Jeddah,J45.9,Makkah,30-39,1
F,Riyadh,S82.81,Riyadh,80+,31
M,Jazan,S65.1,Jazan,18-29,2
M,Najran,R56.0,Najran,00-17,6
M,Jeddah,N18.2,Makkah,50-59,1
M,Riyadh,A78,Riyadh,50-59,29
F,Jeddah,E11.11,Jeddah,60-69,23
M,Asir,S53.43,Assir,00-17,6
F,Riyadh,G41.9,Hail,40-49,2
F,Medinah,P59.0,Medina,30-39,6
F,Asir,K75.0,Assir,00-17,6
F,Qassim,U82.3,Qassim,60-69,2
M,Asir,N17.9,Assir,70-79,1
M,Qassim,K26.3,Qassim,30-39,2
M,Eastern Region,J18.9,East,40-49,18
F,Jeddah,R57.1,Jeddah,80+,20
F,Asir,J18.9,Assir,30-39,6
F,Asir,S72.05,Assir,80+,6
M,Qassim,I26.9,Qassim,60-69,2
M,Asir,S73.00,Assir,18-29,1
F,Medinah,J21.9,Medinah,00-17,11
M,Jeddah,I61.9,Makkah,60-69,2
F,Riyadh,I50.9,Riyadh,50-59,62
M,Asir,N00.6,Asir,00-17,1
F,Medinah,I64,Medinah,40-49,1
M,Najran,J45.9,Najran,00-17,15
F,Jeddah,I64,Makkah,70-79,10
F,Jeddah,J39.9,Makkah,40-49,1
F,Jeddah,J06.9,Makkah,00-17,1
F,Jeddah,R56.8,Jeddah,00-17,21
F,Jeddah,J45.9,Makkah,30-39,1
M,Qunfotha,J06.9,Medina,40-49,6
M,Makkah,R10.0,Jeddah,80+,21
F,Makkah,J45.9,Makkah,60-69,6
F,Makkah,I64,Makkah,70-79,30
F,Jeddah,R10.4,Makkah,80+,1
F,Qassim,R11,Qassim,80+,3
F,Makkah,J02.9,Makkah,00-17,6
M,Medinah,R05,Medina,70-79,18
F,Makkah,P22.0,Makkah,00-17,7
F,Riyadh,N22.8,Riyadh,00-17,30
F,Makkah,I70.9,Makkah,60-69,6
F,Qassim,R57.2,Riyadh,70-79,31
F,Qassim,J96.09,Qassim,60-69,5
F,Jeddah,R07.1,Makkah,18-29,1
M,Riyadh,M86.37,Assir,30-39,6
M,Riyadh,N17.9,Riyadh,30-39,63
F,Riyadh,I62.9,Riyadh,18-29,3
M,Taif,W79,Jeddah,00-17,20
F,Makkah,O42.9,Makkah,18-29,6
F,Jeddah,J91,Makkah,40-49,1
M,Jeddah,V09.9,Makkah,18-29,1
F,Qassim,K92.2,Qassim,80+,3
M,Jeddah,I51.9,Makkah,40-49,4
F,Jeddah,I98.3,Jeddah,18-29,19
F,Riyadh,M86.17,Riyadh,60-69,31
M,Jeddah,T87.6,Makkah,60-69,1
M,Jazan,W84,Jazan,70-79,2
M,Jazan,E10.11,Jazan,18-29,2
F,Medinah,R10.0,Medinah,18-29,1
F,Makkah,J96.01,Makkah,50-59,6
M,Eastern Region,Z50.8,East,30-39,3
M,Asir,M15.4,Assir,70-79,1
M,Medinah,E10.11,Medina,00-17,6
M,Medinah,R19.4,Medinah,00-17,1
M,Riyadh,N31.8,Riyadh,50-59,38
F,Riyadh,N11.0,Riyadh,70-79,30
F,Asir,H81.4,Assir,60-69,6
F,Riyadh,K85.9,Riyadh,40-49,1
F,Riyadh,J06.9,Riyadh,00-17,32
M,Jeddah,R57.2,Jeddah,50-59,22
M,Asir,K60.2,Assir,18-29,1
M,Riyadh,N17.9,Riyadh,80+,31
M,Qunfotha,I50.0,Makkah,00-17,6
F,Qassim,J18.8,Qassim,80+,2
M,Bisha,T21.01,Assir,18-29,6
M,Asir,U80.3,Assir,18-29,6
F,Medinah,J45.9,Medina,60-69,7
F,Jeddah,G40.60,Jeddah,00-17,20
F,Asir,J81,Assir,60-69,7
M,Qunfotha,S42.23,Makkah,30-39,6
M,Riyadh,E10.11,Riyadh,50-59,1
M,Jeddah,Z50.8,Riyadh,00-17,1
M,Asir,J93.8,Asir,30-39,1
M,Bisha,I46.0,Assir,60-69,6
M,Jeddah,V99,Makkah,00-17,4
M,Makkah,J96.00,Makkah,50-59,6
M,Eastern Region,U82.3,East,40-49,18
F,Riyadh,J94.0,Medinah,00-17,1
M,Hail,Z50.9,Riyadh,30-39,1
F,Asir,J44.9,Assir,00-17,6
M,Jazan,Z50.9,Jeddah,18-29,1
F,Asir,P36.8,Assir,00-17,7
M,Makkah,I21.9,Makkah,60-69,6
M,Medinah,J18.9,Medinah,60-69,1
M,Eastern Region,I64,East,80+,18
F,Asir,S83.10,Assir,30-39,1
F,Riyadh,I64,Riyadh,70-79,172
F,Jeddah,J20.9,Jeddah,00-17,97
M,Jeddah,R07.4,Jeddah,50-59,45
M,Asir,R10.0,Assir,80+,7
F,Asir,I64,Assir,80+,61
F,Riyadh,I10,Riyadh,70-79,31
M,Makkah,J06.9,Makkah,60-69,12
F,Makkah,A09.9,Makkah,80+,6
F,Riyadh,S06.03,Riyadh,80+,38
M,Asir,S62.7,Assir,00-17,14
M,Jeddah,K85.9,Makkah,40-49,1
M,Jeddah,P22.8,Jeddah,00-17,38
F,Jeddah,R05,Makkah,60-69,4
M,Tabuk,I98.2,Medina,30-39,6
M,Riyadh,D57.0,Riyadh,00-17,64
M,Jeddah,G41.9,Jeddah,18-29,43
M,Jeddah,V99,Jeddah,18-29,172
F,Riyadh,P22.0,Riyadh,40-49,31
M,Jeddah,R23.0,Makkah,00-17,1
F,Outside-KSA,J96.01,Makkah,00-17,1
F,Jeddah,T58,Makkah,00-17,2
F,Jeddah,R13,Makkah,60-69,1
F,Jeddah,A41.8,Jeddah,70-79,21
F,Asir,J18.9,Assir,50-59,6
M,Asir,S73.00,Assir,70-79,12
F,Medinah,J15.9,Medina,00-17,48
F,Jeddah,E11.11,Jeddah,00-17,77
F,Riyadh,I51.9,Riyadh,70-79,34
F,Asir,A41.9,Assir,00-17,149
F,Riyadh,T21.01,Riyadh,40-49,30
M,Qassim,I50.9,Qassim,70-79,5
M,Qassim,N17.9,Qassim,80+,3
F,Makkah,I50.9,Makkah,60-69,6
M,Makkah,R57.8,Makkah,80+,6
F,Asir,S42.23,Assir,00-17,7
M,Jeddah,A41.9,Jeddah,80+,124
F,Riyadh,J15.9,Riyadh,00-17,94
F,Riyadh,R07.4,Riyadh,60-69,31
F,Taif,S42.3,Taef,18-29,2
M,Taif,P59.9,Taef,00-17,2
M,Asir,S32.4,Assir,60-69,14
F,Qunfotha,A41.2,Makkah,70-79,6
F,Qassim,R06.6,Qassim,70-79,3
F,Qassim,E13.15,Qassim,00-17,3
M,Riyadh,J18.9,Riyadh,60-69,138
F,Jeddah,G94.8,Makkah,18-29,1
F,Jeddah,P58.3,Jeddah,00-17,20
F,Riyadh,U80.3,Riyadh,18-29,32
M,Jeddah,J93.8,Jeddah,00-17,38
F,Jeddah,P58.1,Jeddah,00-17,20
M,Jeddah,T87.6,Jeddah,60-69,24
F,Riyadh,Q90.9,Riyadh,00-17,60
M,Qassim,A41.9,Qassim,60-69,6
M,Bisha,A41.9,Assir,00-17,7
F,Qassim,R07.1,Qassim,00-17,2
F,Jeddah,A41.9,Makkah,80+,4
M,Jeddah,N18.9,Jeddah,70-79,22
F,Qurayyat,J18.9,Riyadh,00-17,30
M,Jeddah,K92.9,Jeddah,50-59,67
M,Qassim,G93.4,Qassim,18-29,4
M,Jeddah,I64,Jeddah,30-39,43
F,Jeddah,P36.9,Makkah,00-17,1
M,Makkah,D73.0,Makkah,80+,7
M,Medinah,V99,Medina,18-29,12
F,Jeddah,P07.31,Jeddah,00-17,132
M,Jeddah,I24.9,Jeddah,60-69,237
F,Jouf,Q25.0,Riyadh,00-17,31
M,Jeddah,J96.09,Jeddah,70-79,26
M,Jeddah,E10.11,Jeddah,40-49,39
M,Riyadh,R05,Riyadh,30-39,100
F,Jeddah,P22.0,Jeddah,30-39,61
M,Qassim,E11.11,Qassim,00-17,7
F,Riyadh,U80.3,Riyadh,00-17,160
M,Riyadh,V99,Riyadh,18-29,311
F,Riyadh,R56.0,Riyadh,00-17,31
F,Jeddah,J15.9,Jeddah,00-17,23
F,Medinah,O09.9,Medina,30-39,106
M,Medinah,J96.10,Medina,60-69,6
F,Medinah,P20.9,Medina,18-29,6
M,Medinah,I85.9,Medina,50-59,6
M,Jeddah,P96.0,Jeddah,40-49,21
M,Riyadh,N18.9,Riyadh,80+,31
M,Asir,S72.9,Riyadh,30-39,31
F,Medinah,E74.9,Medinah,00-17,1
M,Riyadh,A41.8,Riyadh,00-17,30
M,Riyadh,J96.09,Riyadh,80+,1
M,Jazan,R05,Jazan,30-39,2
M,Qassim,J81,Qassim,80+,2
F,Jazan,R56.0,Jazan,00-17,2
F,Medinah,P70.1,Medinah,40-49,1
M,Qassim,R10.4,Qassim,50-59,3
M,Asir,V89.2,Assir,70-79,7
M,Qassim,E10.11,Qassim,00-17,3
F,Hafer AlBatin,I51.9,Hafer Albatin,50-59,2
F,Medinah,O42.9,Medina,40-49,26
M,Makkah,S52.11,Makkah,18-29,6
M,Asir,T18.1,Assir,00-17,7
F,Makkah,U82.3,Makkah,50-59,6
M,Jeddah,G46.4,Makkah,60-69,1
F,Jeddah,I98.3,Jeddah,50-59,26
F,Medinah,P70.1,Medina,40-49,7
F,Jazan,R11,Jazan,18-29,2
F,Riyadh,P07.32,Riyadh,18-29,63
M,Medinah,K92.9,Medina,40-49,7
M,Riyadh,S06.5,Riyadh,50-59,1
M,Asir,M00.96,Assir,40-49,7
F,Medinah,P07.32,Medinah,18-29,1
F,Jeddah,T21.09,Jeddah,00-17,20
M,Taif,S82.38,Jeddah,00-17,20
F,Asir,L89.90,Asir,80+,1
F,Medinah,O00.0,Medinah,00-17,1
F,Riyadh,L03.8,Riyadh,60-69,60
F,Jeddah,U80.3,Jeddah,00-17,23
F,Medinah,J96.00,Medina,00-17,5
F,Asir,P07.12,Assir,30-39,7
M,Jeddah,J06.9,Makkah,70-79,1
M,Asir,S72.01,Assir,40-49,6
F,Riyadh,R57.2,Riyadh,80+,1
M,Medinah,K92.9,Medinah,40-49,1
F,Asir,P39.9,Assir,18-29,7
F,Medinah,O63.9,Medina,18-29,7
M,Jazan,I42.9,Jazan,00-17,1
F,Taif,Q91.3,Taef,00-17,2
F,Medinah,P07.32,Medina,40-49,7
M,Qassim,A41.8,Qassim,80+,2
M,Riyadh,I20.0,Riyadh,50-59,30
F,Asir,J15.9,Assir,50-59,6
M,Hassa,R62.0,East,00-17,1
F,Jeddah,I10,Jeddah,70-79,24
M,Najran,G61.0,Riyadh,40-49,1
F,Makkah,J45.9,Makkah,00-17,6
F,Jazan,J18.0,Jazan,70-79,2
M,Medinah,R25.2,Medina,00-17,6
M,Jeddah,K76.9,Makkah,70-79,1
F,Riyadh,P13.4,Riyadh,50-59,31
F,Riyadh,A06.2,Riyadh,40-49,32
M,Riyadh,N17.2,Riyadh,50-59,33
F,Najran,Z50.9,Riyadh,30-39,1
M,Makkah,W84,Makkah,00-17,6
M,Hassa,Z50.9,Riyadh,00-17,1
M,Riyadh,E11.65,Riyadh,60-69,1
M,Makkah,S72.9,Makkah,30-39,6
F,Jeddah,J18.0,Jeddah,00-17,144
F,Jeddah,P01.1,Jeddah,30-39,22
F,Jeddah,U82.3,Jeddah,60-69,22
F,Riyadh,M25.55,Riyadh,18-29,30
F,Jeddah,Z50.9,Jeddah,30-39,3
F,Riyadh,P07.30,Riyadh,00-17,32
M,Qassim,N18.5,Qassim,80+,1
F,Riyadh,J18.0,Riyadh,30-39,32
F,Jeddah,V99,Jeddah,70-79,23
M,Makkah,N18.9,Makkah,60-69,6
M,Riyadh,J44.9,Riyadh,50-59,33
M,Jeddah,I10,Makkah,60-69,2
M,Jazan,V99,Jazan,50-59,4
M,Jeddah,P36.9,Jeddah,00-17,20
F,Jeddah,O63.9,Jeddah,30-39,24
M,Makkah,U80.3,Makkah,60-69,6
F,Asir,R60.9,Assir,70-79,1
F,Asir,U86.2,Assir,70-79,4
F,Jouf,J18.9,Riyadh,18-29,1
F,Medinah,J06.9,Medinah,18-29,1
M,Tabuk,I24.9,Tabuk,70-79,1
M,Jeddah,A16.8,Jeddah,00-17,24
F,Riyadh,G91.9,Riyadh,40-49,1
F,Makkah,S32.4,Makkah,50-59,6
M,Asir,G46.3,Assir,70-79,6
M,Jazan,J18.0,Jazan,60-69,4
F,Jouf,Z50.9,Riyadh,00-17,6
M,Jazan,I27.8,Jazan,60-69,2
M,Medinah,E87.1,Medina,80+,6
F,Medinah,R52.0,Medina,40-49,6
M,Riyadh,G80.4,Riyadh,00-17,3
M,Qassim,J96.00,Qassim,00-17,2
M,Jeddah,J81,Makkah,60-69,2
M,Eastern Region,P91.60,East,00-17,1
F,Riyadh,E13.11,Riyadh,00-17,32
F,Jeddah,I64,Makkah,18-29,1
F,Makkah,E11.11,Makkah,70-79,6
M,Jeddah,J44.1,Makkah,50-59,2
M,Hafer AlBatin,Z50.9,East,18-29,1
M,Medinah,A78,Medinah,00-17,1
F,Medinah,K52.9,Medina,00-17,12
F,Jazan,R05,Jazan,70-79,2
M,Eastern Region,J15.9,East,60-69,17
M,Makkah,D57.0,Makkah,40-49,6
F,Asir,G40.60,Assir,00-17,1
M,Bisha,R05,Assir,00-17,6
F,Makkah,I50.0,Makkah,80+,6
F,Medinah,O60.0,Medina,18-29,7
F,Asir,K92.2,Asir,70-79,1
F,Riyadh,E11.11,Riyadh,00-17,1
M,Jeddah,J96.01,Jeddah,18-29,20
M,Riyadh,R65.1,Riyadh,00-17,31
M,Jeddah,J21.1,Jeddah,00-17,20
F,Riyadh,A01.4,Riyadh,70-79,31
M,Riyadh,F19.0,Riyadh,70-79,3
M,Jazan,G93.4,Jazan,70-79,2
F,Jeddah,J18.8,Makkah,80+,1
M,Makkah,I26.9,Makkah,60-69,6
M,Jeddah,J06.9,Makkah,30-39,1
M,Jeddah,R17,Makkah,40-49,1
F,Qassim,I62.9,Qassim,70-79,2
M,Asir,M21.57,Assir,00-17,7
F,Jeddah,R52.9,Jeddah,70-79,21
M,Qassim,S82.21,Qassim,30-39,3
F,Riyadh,Z50.9,Riyadh,30-39,4
M,Asir,S87.0,Assir,80+,1
M,Asir,S36.83,Assir,60-69,6
M,Jeddah,S06.03,Makkah,80+,1
M,Bisha,V99,Riyadh,50-59,31
M,Medinah,D58.9,Medina,00-17,6
M,Asir,J21.0,Assir,00-17,7
M,Riyadh,J44.9,Riyadh,40-49,62
M,Makkah,S72.9,Makkah,00-17,6
M,Asir,I69.4,Assir,80+,6
F,Jeddah,E14.11,Jeddah,18-29,43
F,Medinah,I51.9,Medina,60-69,6
M,Medinah,U80.3,Medinah,18-29,1
F,Qurayyat,K91.64,Riyadh,50-59,1
M,Jeddah,Q62.0,Jeddah,00-17,19
M,Makkah,U79.3,Makkah,30-39,6
F,Asir,K92.2,Assir,70-79,8
F,Qassim,E11.11,Qassim,80+,5
M,Jeddah,K76.9,Jeddah,70-79,20
M,Jeddah,K92.2,Jeddah,40-49,21
F,Jouf,T21.03,Riyadh,18-29,31
M,Riyadh,P59.9,Riyadh,00-17,33
M,Asir,K76.9,Assir,60-69,6
M,Makkah,R57.2,Makkah,18-29,6
F,Jeddah,N18.9,Jeddah,60-69,22
M,Asir,J45.9,Assir,70-79,1
F,Qassim,U80.3,Qassim,30-39,6
M,Tabuk,L89.00,Medina,18-29,6
M,Asir,E11.11,Assir,60-69,6
F,Medinah,E11.11,Medinah,60-69,3
F,Medinah,R05,Medina,30-39,12
F,Jeddah,G61.0,Jeddah,00-17,22
M,Riyadh,Z50.9,Riyadh,50-59,17
F,Medinah,K29.70,Medina,00-17,7
M,Riyadh,G93.9,Riyadh,30-39,3
F,Asir,J18.8,Assir,18-29,7
M,Jazan,S32.4,Jazan,70-79,2
M,Hassa,R26.0,Ihsaa,00-17,1
F,Jeddah,O41.0,Jeddah,00-17,20
M,Jeddah,R57.9,Makkah,60-69,1
F,Qurayyat,Q79.0,Riyadh,00-17,32
F,Jeddah,U80.3,Makkah,00-17,1
F,Qassim,G80.8,Qassim,00-17,2
F,Riyadh,J45.9,Riyadh,18-29,67
M,Jeddah,J06.9,Jeddah,00-17,22
F,Qassim,R05,Qassim,70-79,15
M,Makkah,R05,Makkah,00-17,61
F,Medinah,O00.0,Medina,30-39,245
M,Riyadh,I64,Riyadh,60-69,327
F,Medinah,A78,Medina,00-17,12
F,Jeddah,O00.0,Jeddah,30-39,318
F,Eastern Region,J21.9,East,60-69,18
F,Riyadh,O00.0,Riyadh,18-29,124
F,Jeddah,J91,Jeddah,00-17,22
M,Riyadh,R05,Riyadh,18-29,99
M,Riyadh,B58.3,Riyadh,70-79,3
M,Jeddah,J18.9,Makkah,00-17,5
M,Riyadh,P07.31,Riyadh,00-17,121
F,Medinah,R57.2,Medina,70-79,7
M,Riyadh,E13.15,Riyadh,00-17,34
M,Riyadh,R10.0,Riyadh,18-29,62
F,Riyadh,T21.09,Jeddah,40-49,1
M,Jeddah,K56.6,Makkah,00-17,13
F,Medinah,P01.1,Medina,30-39,6
M,Jeddah,J18.9,Makkah,80+,6
F,Riyadh,K85.2,Riyadh,40-49,31
F,Jeddah,I46.0,Jeddah,60-69,24
M,Hail,Z50.9,Riyadh,00-17,4
M,Makkah,P91.60,Makkah,00-17,5
F,Asir,I71.4,Assir,40-49,6
M,Makkah,V99,Makkah,40-49,13
M,Qassim,A41.9,Qassim,00-17,5
M,Jeddah,E13.11,Makkah,18-29,2
M,Najran,G41.9,Makkah,70-79,6
M,Riyadh,U80.4,Riyadh,18-29,4
F,Riyadh,R05,Riyadh,30-39,229
M,Jeddah,S06.05,Makkah,50-59,1
M,Jeddah,E11.73,Makkah,50-59,1
M,Jeddah,J44.9,Makkah,60-69,1
F,Riyadh,I24.9,Riyadh,70-79,154
M,Qassim,J18.0,Qassim,80+,4
M,Riyadh,J21.9,Riyadh,00-17,877
M,Qunfotha,E11.11,Makkah,60-69,7
F,Jeddah,I24.9,Jeddah,50-59,84
F,Riyadh,S83.10,Riyadh,70-79,30
M,Makkah,S42.23,Makkah,18-29,6
M,Makkah,R41.0,Makkah,60-69,6
F,Medinah,I26.9,Medina,60-69,6
M,Asir,S72.3,Assir,18-29,7
M,Qassim,J47,Qassim,60-69,3
M,Makkah,E83.5,Makkah,70-79,6
F,Jeddah,E16.2,Jeddah,80+,1
M,Jeddah,U80.3,Makkah,40-49,1
M,Jeddah,E10.11,Jeddah,30-39,40
F,Jeddah,I98.3,Makkah,50-59,2
M,Medinah,E11.11,Medinah,70-79,1
M,Jazan,T75.1,Jazan,00-17,2
M,Eastern Region,R05,East,80+,17
M,Bisha,J18.9,Assir,18-29,6
F,Asir,O08.9,Assir,00-17,1
M,Jeddah,S73.00,Jeddah,60-69,21
M,Hassa,Z50.9,Ihsaa,00-17,1
M,Makkah,A19.9,Makkah,18-29,6
F,Riyadh,G82.02,Riyadh,00-17,1
M,Medinah,I50.9,Medinah,50-59,1
M,Qunfotha,S72.9,Makkah,60-69,6
M,Qassim,E11.11,Qassim,70-79,5
M,Makkah,A41.9,Jeddah,00-17,21
M,Jeddah,M47.00,Jeddah,40-49,20
F,Medinah,O61.9,Medinah,40-49,1
M,Qassim,E13.11,Qassim,30-39,2
M,Asir,T11.05,Assir,80+,7
F,Asir,P74.1,Assir,00-17,6
F,Jeddah,P59.8,Makkah,18-29,1
F,Makkah,I64,Makkah,18-29,6
M,Makkah,S52.51,Makkah,50-59,6
M,Asir,M60.09,Assir,00-17,6
M,Najran,M60.90,Najran,00-17,3
F,Jazan,R56.8,Jazan,00-17,2
M,Qassim,V99,Qassim,00-17,4
M,Jeddah,K76.9,Makkah,50-59,1
F,Hafer AlBatin,M76.6,Hafer Albatin,50-59,2
F,Jeddah,E16.2,Jeddah,00-17,1
M,Jeddah,I51.9,Makkah,50-59,3
F,Jeddah,I21.9,Makkah,70-79,2
M,Tabuk,V99,Riyadh,00-17,62
F,Jazan,R17,Jazan,80+,3
M,Asir,A48.0,Assir,50-59,6
M,Eastern Region,I21.9,East,40-49,18
F,Jeddah,G93.4,Makkah,80+,1
F,Qassim,A41.9,Qassim,60-69,3
F,Jazan,J15.9,Jazan,00-17,2
F,Asir,I26.9,Asir,80+,1
M,Qassim,K92.2,Qassim,80+,3
M,Asir,T78.2,Assir,00-17,6
M,Jeddah,G41.9,Jeddah,50-59,22
M,Riyadh,E11.11,Assir,70-79,6
F,Jeddah,E14.11,Makkah,18-29,2
F,Jeddah,E10.15,Jeddah,18-29,1
M,Jazan,V01.0,Jazan,18-29,2
M,Jeddah,S01.88,Makkah,00-17,1
M,Riyadh,S72.05,Riyadh,60-69,1
F,Jeddah,J93.9,Jeddah,00-17,23
F,Asir,P07.32,Assir,30-39,20
M,Jazan,S52.11,Jazan,00-17,2
F,Jeddah,N11.1,Makkah,70-79,1
F,Jeddah,I10,Makkah,70-79,2
F,Jazan,S06.03,Jazan,80+,2
F,Jazan,R05,Jazan,18-29,2
M,Qassim,K85.0,Qassim,40-49,2
F,Medinah,E14.11,Medina,60-69,6
M,Jeddah,J18.0,Jeddah,50-59,1
F,Jazan,J20.9,Jazan,00-17,8
M,Riyadh,M54.5,Riyadh,30-39,1
F,Eastern Region,R10.3,East,50-59,17
F,Qunfotha,H40.9,Makkah,60-69,6
M,Makkah,S32.4,Makkah,40-49,6
F,Asir,J90,Asir,80+,1
M,Riyadh,I64,Riyadh,80+,186
M,Riyadh,D57.0,Riyadh,18-29,168
M,Asir,A09.9,Assir,00-17,12
M,Asir,R05,Assir,18-29,12
F,Asir,I64,Assir,18-29,6
M,Riyadh,R05,Assir,30-39,6
F,Riyadh,I10,East,80+,6
F,Jeddah,J20.9,Makkah,00-17,5
M,Jeddah,N39.0,Jeddah,18-29,22
F,Eastern Region,R42,East,80+,17
M,Riyadh,G40.60,Riyadh,80+,30
F,Riyadh,I21.9,Riyadh,40-49,32
M,Jeddah,G41.8,Jeddah,40-49,1
M,Riyadh,Z50.8,Riyadh,60-69,6
F,Jeddah,P22.8,Jeddah,00-17,22
F,Makkah,F39,Makkah,18-29,6
F,Qunfotha,K92.2,Makkah,60-69,6
M,Riyadh,U82.3,Riyadh,80+,42
M,Jeddah,S62.63,Makkah,70-79,1
F,Riyadh,I64,Riyadh,40-49,155
M,Asir,S72.8,Assir,30-39,6
M,Riyadh,L03.8,Riyadh,00-17,30
M,Riyadh,M01.27,Riyadh,50-59,36
F,Riyadh,Z93.1,Riyadh,60-69,31
M,Jazan,H10.0,Assir,00-17,6
M,Hafer AlBatin,I85.0,Hafer Albatin,80+,2
F,Makkah,I61.5,Jeddah,60-69,20
F,Jeddah,P22.0,Jeddah,00-17,248
F,Jeddah,R06.1,Makkah,30-39,8
F,Asir,I50.9,Assir,00-17,7
M,Makkah,I21.0,Makkah,50-59,6
F,Jeddah,G93.1,Makkah,40-49,1
F,Riyadh,A41.9,Riyadh,80+,134
F,Jeddah,I27.2,Jeddah,00-17,22
M,Makkah,S66.3,Makkah,00-17,6
F,Asir,G35,Assir,40-49,7
F,Jeddah,P07.32,Makkah,30-39,4
M,Asir,N17.9,Assir,18-29,7
M,Jeddah,I64,Makkah,40-49,5
M,Riyadh,Q87.13,Riyadh,18-29,33
F,Jeddah,R57.2,Makkah,80+,4
M,Jeddah,P07.32,Jeddah,00-17,40
F,Jeddah,N91.2,Jeddah,30-39,19
F,Asir,V99,Assir,80+,6
F,Jeddah,U82.3,Makkah,40-49,1
F,Riyadh,L50.0,Riyadh,00-17,30
M,Riyadh,Z01.2,Riyadh,60-69,1
M,Jeddah,D02.2,Jeddah,60-69,20
F,Riyadh,J18.9,Riyadh,40-49,158
M,Jeddah,P22.0,Makkah,00-17,10
M,Riyadh,L03.8,Riyadh,18-29,31
M,Asir,E16.2,Assir,00-17,6
M,Riyadh,E11.11,Riyadh,70-79,216
F,Jeddah,E11.11,Makkah,80+,5
F,Qassim,E11.11,Qassim,60-69,13
M,Riyadh,J18.0,Riyadh,18-29,62
M,Makkah,J96.09,Makkah,30-39,6
F,Qassim,I43.8,Qassim,50-59,2
M,Jeddah,T52.4,Makkah,00-17,1
M,Riyadh,V09.9,Riyadh,30-39,31
M,Jeddah,I50.9,Makkah,70-79,1
F,Jeddah,G40.91,Makkah,40-49,1
M,Baha,R10.0,Riyadh,00-17,30
F,Makkah,I24.9,Makkah,40-49,7
M,Makkah,K37,Jeddah,30-39,20
M,Jeddah,E11.11,Makkah,40-49,5
F,Jeddah,P22.8,Makkah,30-39,1
F,Qassim,J15.9,Qassim,60-69,5
F,Qassim,G41.9,Qassim,18-29,6
M,Outside-KSA,K12.2,Riyadh,40-49,30
F,Jeddah,J18.9,Makkah,70-79,5
M,Riyadh,U82.3,Riyadh,40-49,95
F,Jazan,S72.00,Assir,80+,7
F,Riyadh,I24.9,Riyadh,60-69,123
F,Jeddah,R57.2,Jeddah,60-69,61
M,Jeddah,N17.9,Jeddah,40-49,127
M,Jeddah,J44.9,Makkah,70-79,1
M,Riyadh,M86.06,Riyadh,40-49,32
F,Riyadh,J15.9,Assir,80+,6
F,Jeddah,O64.3,Makkah,30-39,1
M,Jeddah,J18.9,Jeddah,70-79,167
M,Jeddah,S06.03,Jeddah,70-79,46
F,Jeddah,J96.09,Makkah,00-17,1
M,Qassim,E11.65,Qassim,60-69,3
F,Jeddah,G41.9,Jeddah,40-49,21
F,Riyadh,K92.9,Riyadh,00-17,31
M,Qassim,V99,Qassim,40-49,2
M,Eastern Region,I24.9,East,60-69,17
M,Riyadh,N46,Riyadh,40-49,1
M,Jeddah,J84.1,Makkah,60-69,1
F,Riyadh,K86.9,Riyadh,30-39,31
F,Jeddah,Z50.8,Jeddah,40-49,1
F,Jeddah,J96.99,Makkah,70-79,1
M,Jazan,J18.9,Assir,00-17,6
F,Jeddah,A48.0,Northern Borders,50-59,1
M,Medinah,G46.4,Medina,50-59,1
M,Riyadh,L89.90,Riyadh,00-17,32
M,Makkah,R10.0,Makkah,00-17,6
M,Asir,J18.9,Asir,00-17,1
F,Medinah,J15.9,Medinah,80+,1
F,Asir,R05,Assir,18-29,6
F,Makkah,A23.9,Makkah,80+,6
M,Jazan,S06.03,Jazan,80+,2
M,Riyadh,I69.1,Riyadh,30-39,1
M,Jeddah,J45.9,Jeddah,30-39,22
M,Jeddah,S72.05,Jeddah,70-79,24
M,Tabuk,Q72.6,Riyadh,18-29,1
M,Medinah,M00.19,Medina,00-17,6
M,Jeddah,N21.1,Jeddah,30-39,19
M,Riyadh,M86.08,Riyadh,60-69,30
M,Qunfotha,J47,Makkah,50-59,6
M,Baha,S62.0,Jeddah,00-17,21
F,Jeddah,O14.9,Makkah,30-39,1
M,Jeddah,E87.1,Makkah,60-69,1
M,Jeddah,G40.60,Jeddah,40-49,24
F,Medinah,R10.0,Medina,18-29,7
F,Qassim,I64,Qassim,30-39,3
F,Riyadh,K56.2,Riyadh,80+,32
M,Najran,R05,Assir,70-79,6
M,Riyadh,P07.32,Riyadh,00-17,63
F,Asir,I20.0,Assir,30-39,7
M,Medinah,J18.0,Medinah,30-39,1
M,Riyadh,R57.2,Riyadh,70-79,1
M,Jeddah,A16.8,Makkah,00-17,1
M,Riyadh,P59.9,Riyadh,60-69,31
F,Riyadh,T21.03,Riyadh,00-17,32
M,Asir,I61.9,Assir,70-79,6
M,Najran,R60.0,Najran,00-17,3
M,Medinah,A41.9,Medinah,00-17,5
M,Asir,A41.9,Assir,80+,25
F,Jeddah,P22.8,Jeddah,18-29,21
M,Jeddah,Z50.9,Jeddah,30-39,1
M,Makkah,C85.1,Jeddah,70-79,1
F,Qassim,J21.9,Qassim,00-17,2
M,Najran,G91.9,Najran,00-17,3
M,Qurayyat,J18.0,Riyadh,00-17,32
F,Medinah,R57.0,Medina,80+,6
M,Medinah,G41.8,Medina,00-17,6
F,Makkah,J45.9,Makkah,80+,6
F,Asir,O42.9,Assir,40-49,6
M,Riyadh,Q90.9,Riyadh,30-39,30
M,Riyadh,K81.8,Riyadh,40-49,32
M,Jazan,S42.21,Jazan,40-49,2
F,Riyadh,K59.1,Riyadh,00-17,33
F,Riyadh,I21.9,Riyadh,80+,31
F,Jeddah,A48.0,Makkah,50-59,1
M,Jeddah,J96.00,Jeddah,70-79,1
M,Asir,S83.10,Assir,50-59,3
M,Asir,U86.2,Assir,80+,1
M,Qassim,G61.0,Qassim,18-29,2
M,Jeddah,R04.0,Jeddah,00-17,20
F,Jeddah,O42.2,Makkah,18-29,2
F,Eastern Region,G41.8,East,60-69,17
F,Makkah,K76.9,Makkah,60-69,6
M,Northern Borders,Z50.9,Riyadh,40-49,3
F,Jazan,I26.9,Jazan,40-49,2
M,Jazan,M48.40,Jazan,30-39,2
M,Jeddah,M47.00,Makkah,40-49,1
M,Taif,S62.21,Jeddah,50-59,22
M,Riyadh,T91.3,Riyadh,30-39,1
M,Medinah,R05,Medinah,00-17,3
M,Taif,V99,Makkah,00-17,1
F,Qassim,J96.09,Qassim,80+,5
M,Qassim,I47.2,Qassim,60-69,3
F,Qassim,R57.2,Qassim,50-59,2
F,Jeddah,J21.9,Jeddah,00-17,99
F,Makkah,G41.8,Makkah,80+,6
M,Medinah,I74.8,Medina,60-69,6
M,Eastern Region,I64,East,40-49,18
F,Makkah,K85.9,Makkah,70-79,6
F,Jeddah,P59.8,Jeddah,18-29,19
M,Qassim,U82.3,Qassim,80+,2
M,Jeddah,N11.1,Jeddah,40-49,41
F,Eastern Region,I50.9,East,80+,17
M,Eastern Region,I24.9,East,00-17,18
M,Eastern Region,I64,East,30-39,18
M,Jeddah,E10.11,Makkah,30-39,2
M,Medinah,I24.9,Medina,80+,1
M,Asir,N18.9,Assir,70-79,2
F,Jeddah,K56.3,Jeddah,18-29,20
M,Najran,M02.17,Najran,30-39,2
M,Riyadh,R62.0,Riyadh,00-17,1
F,Riyadh,S06.03,Riyadh,40-49,1
M,Jeddah,G46.4,Makkah,70-79,1
F,Qassim,V99,Qassim,50-59,2
M,Qassim,F10.0,Qassim,40-49,1
F,Makkah,O00.0,Makkah,18-29,6
F,Qunfotha,O00.0,Jeddah,18-29,22
F,Qassim,I64,Qassim,50-59,14
M,Jeddah,J20.9,Makkah,00-17,5
M,Jeddah,J45.9,Jeddah,70-79,19
M,Eastern Region,R05,East,50-59,34
F,Jeddah,R05,Jeddah,40-49,82
M,Jazan,I62.0,Assir,60-69,6
F,Jeddah,E10.15,Jeddah,00-17,43
M,Jeddah,S06.4,Jeddah,00-17,20
M,Jeddah,E11.11,Jeddah,50-59,67
F,Riyadh,N18.5,Riyadh,50-59,31
F,Riyadh,F03,Riyadh,80+,4
M,Riyadh,Q21.29,Riyadh,00-17,32
M,Jouf,R56.8,Riyadh,00-17,31
F,Asir,E11.65,Assir,18-29,5
M,Riyadh,H43.8,Riyadh,40-49,31
F,Riyadh,R10.0,Riyadh,80+,60
M,Jeddah,A48.0,Jeddah,60-69,20
M,Qunfotha,I50.0,Makkah,50-59,6
M,Riyadh,J18.8,Riyadh,80+,32
M,Qassim,V99,Qassim,30-39,2
F,Riyadh,O60.0,Riyadh,30-39,32
M,Riyadh,A41.9,Riyadh,50-59,34
M,Riyadh,A78,Riyadh,30-39,33
F,Najran,R06.6,Najran,00-17,6
M,Medinah,A41.9,Medina,00-17,90
M,Riyadh,U80.3,Riyadh,00-17,65
M,Medinah,U82.3,Medina,80+,7
M,Makkah,G41.9,Makkah,60-69,6
F,Jeddah,R57.9,Jeddah,70-79,20
F,Jeddah,O00.0,Jeddah,00-17,214
M,Qassim,I24.9,Qassim,60-69,9
M,Outside-KSA,J18.9,Jazan,50-59,2
F,Tabuk,P07.31,Makkah,00-17,1
M,Jeddah,Q30.3,Makkah,30-39,1
F,Jeddah,I64,Jeddah,50-59,129
M,Tabuk,T18.2,Medina,40-49,6
M,Jeddah,R17,Makkah,00-17,4
F,Jeddah,O43.8,Jeddah,18-29,21
M,Riyadh,I21.9,Riyadh,80+,31
M,Qassim,K92.9,Qassim,70-79,3
F,Makkah,A87.1,Makkah,00-17,6
M,Asir,J12.0,Assir,00-17,13
F,Asir,P22.0,Assir,00-17,57
M,Makkah,J18.9,Makkah,30-39,6
F,Jeddah,E10.11,Jeddah,18-29,44
F,Asir,J96.01,Assir,80+,19
M,Riyadh,J18.9,Riyadh,50-59,95
F,Riyadh,R07.4,Riyadh,50-59,30
M,Baha,G93.1,Makkah,00-17,1
M,Makkah,S37.32,Jeddah,40-49,21
M,Jeddah,I24.9,Makkah,80+,2
F,Jeddah,I21.9,Makkah,80+,1
M,Hafer AlBatin,I50.9,Riyadh,80+,31
M,Jeddah,E13.15,Jeddah,00-17,77
F,Riyadh,I26.9,Riyadh,30-39,63
F,Riyadh,J96.00,Riyadh,60-69,32
F,Jouf,R05,Riyadh,00-17,32
F,Jeddah,G25.1,Makkah,00-17,1
M,Jeddah,I21.9,Jeddah,80+,43
M,Makkah,K92.0,Makkah,60-69,7
M,Jeddah,G00.9,Jeddah,18-29,20
F,Riyadh,O09.9,Riyadh,40-49,32
M,Jeddah,N17.9,Jeddah,30-39,42
F,Jouf,R10.0,Riyadh,00-17,31
F,Makkah,P72.1,Makkah,00-17,6
M,Jouf,T22.02,Riyadh,00-17,31
F,Asir,E87.1,Assir,60-69,8
F,Riyadh,N39.0,Riyadh,50-59,33
F,Jeddah,R52.0,Makkah,18-29,1
M,Asir,J20.9,Assir,00-17,158
F,Taif,R52.9,Taef,60-69,2
F,Riyadh,R05,Riyadh,80+,301
M,Riyadh,A09.9,Riyadh,00-17,94
M,Makkah,R07.3,Makkah,50-59,6
F,Makkah,D57.0,Makkah,40-49,6
M,Jeddah,P22.9,Makkah,00-17,2
F,Jeddah,A41.8,Makkah,70-79,7
F,Jeddah,A25.9,Jeddah,00-17,21
F,Northern Borders,S72.9,Riyadh,50-59,30
F,Jeddah,A41.9,Makkah,60-69,3
M,Medinah,E10.11,Medina,40-49,7
M,Riyadh,D57.1,Riyadh,30-39,125
M,Riyadh,Z50.9,Jeddah,70-79,1
M,Riyadh,Q43.6,Riyadh,60-69,35
M,Jeddah,A41.9,Jeddah,60-69,65
M,Qunfotha,I24.9,Makkah,80+,6
M,Jeddah,T51.1,Jeddah,30-39,19
F,Jazan,N18.9,Jazan,70-79,2
M,Eastern Region,Y65.3,East,00-17,17
F,Medinah,O62.9,Medina,30-39,12
M,Medinah,D44.1,Medina,00-17,6
M,Makkah,I24.9,Makkah,80+,12
F,Jeddah,E11.11,Makkah,18-29,4
M,Riyadh,E11.11,Riyadh,30-39,62
F,Makkah,A41.9,Makkah,80+,6
F,Riyadh,J45.9,Riyadh,50-59,93
F,Riyadh,I69.4,Riyadh,80+,5
M,Riyadh,C20,Riyadh,60-69,4
M,Jeddah,E11.11,Jeddah,18-29,22
M,Medinah,K92.2,Medina,70-79,7
M,Eastern Region,Q31.5,East,00-17,33
F,Jeddah,K56.6,Jeddah,30-39,19
F,Jeddah,E13.13,Makkah,18-29,1
M,Qassim,U80.3,Qassim,00-17,9
M,Bisha,M48.42,Riyadh,70-79,30
F,Riyadh,J15.9,Riyadh,50-59,31
F,Jeddah,Z93.0,Makkah,80+,1
M,Jeddah,V09.9,Jeddah,00-17,19
M,Makkah,P07.32,Makkah,00-17,12
M,Jeddah,J18.9,Jeddah,30-39,65
M,Qassim,E13.11,Qassim,00-17,3
F,Jeddah,J96.09,Jeddah,30-39,18
M,Hail,I51.9,Hail,00-17,2
F,Jeddah,P07.31,Makkah,30-39,1
M,Asir,I26.9,Assir,50-59,6
M,Riyadh,D47.2,Riyadh,60-69,30
M,Jeddah,A18.8,Makkah,18-29,1
M,Makkah,E87.1,Makkah,50-59,6
F,Jeddah,I64,Makkah,50-59,6
F,Makkah,J15.9,Makkah,70-79,6
F,Asir,R65.1,Assir,00-17,25
F,Asir,U82.3,Assir,50-59,6
M,Najran,J18.9,Assir,00-17,6
F,Jeddah,D05.9,Jeddah,70-79,22
F,Najran,T22.01,Najran,00-17,2
F,Asir,N17.9,Assir,00-17,18
M,Makkah,J18.0,Makkah,40-49,6
F,Jeddah,I74.4,Jeddah,50-59,19
F,Jouf,J96.09,Riyadh,40-49,31
F,Outside-KSA,I35.0,Makkah,60-69,1
F,Jeddah,I50.9,Makkah,70-79,2
M,Riyadh,Z50.9,Riyadh,40-49,15
F,Qassim,J15.9,Qassim,80+,4
M,Qassim,R57.2,Qassim,80+,12
M,Bisha,K85.9,Assir,00-17,6
M,Asir,V99,Assir,70-79,7
F,Riyadh,R65.1,Riyadh,60-69,32
F,Asir,J93.8,Assir,00-17,6
F,Medinah,F19.0,Medinah,18-29,1
F,Jeddah,D57.1,Makkah,00-17,1
M,Jeddah,E87.5,Makkah,60-69,1
F,Medinah,Q87.83,Medinah,00-17,1
M,Riyadh,G40.61,Riyadh,40-49,1
F,Jeddah,E16.1,Jeddah,18-29,21
F,Qunfotha,S72.9,Makkah,80+,6
F,Jeddah,I62.9,Makkah,80+,1
M,Tabuk,M48.42,Riyadh,00-17,31
F,Riyadh,Z50.9,Riyadh,70-79,5
M,Jazan,K80.40,Jazan,50-59,2
M,Asir,S11.81,Asir,30-39,1
F,Hafer AlBatin,N15.1,Hafer Albatin,50-59,2
M,Qassim,E11.12,Qassim,00-17,3
M,Jeddah,E27.8,Jeddah,70-79,1
M,Makkah,E09.40,Makkah,60-69,6
F,Bisha,Q21.12,Assir,18-29,7
F,Riyadh,E27.2,Riyadh,40-49,1
F,Jeddah,R05,Jeddah,80+,118
M,Medinah,J18.0,Medina,60-69,18
F,Jeddah,R65.1,Makkah,80+,2
M,Medinah,P71.1,Medinah,60-69,1
M,Medinah,E16.9,Medinah,00-17,1
F,Medinah,J18.9,Medinah,80+,6
M,Asir,S83.18,Assir,60-69,1
F,Medinah,O42.2,Medinah,30-39,2
M,Baha,J06.9,Najran,00-17,3
F,Jeddah,P01.1,Makkah,30-39,1
F,Riyadh,S82.5,Riyadh,18-29,31
M,Riyadh,I26.9,Riyadh,40-49,31
F,Qassim,E13.15,Qassim,50-59,2
F,Asir,N18.9,Assir,70-79,1
M,Medinah,J96.00,Medina,60-69,6
F,Riyadh,Z43.0,Riyadh,70-79,38
M,Qassim,T20.0,Qassim,00-17,4
M,Qassim,S05.9,Qassim,60-69,2
F,Asir,M43.56,Assir,60-69,6
M,Hafer AlBatin,R42,East,40-49,17
F,Jeddah,E11.11,Makkah,50-59,1
M,Makkah,J18.0,Jeddah,70-79,21
F,Asir,J15.9,Assir,70-79,6
F,Jeddah,N17.9,Jeddah,50-59,21
M,Jeddah,J96.09,Jeddah,80+,64
F,Jeddah,I74.1,Jeddah,70-79,18
F,Jeddah,E10.11,Makkah,18-29,2
M,Riyadh,R07.1,Riyadh,18-29,60
M,Makkah,N13.3,Jeddah,00-17,42
M,Jeddah,J96.09,Makkah,60-69,1
M,Jeddah,R57.2,Jeddah,60-69,105
F,Riyadh,J81,Riyadh,70-79,31
F,Jeddah,I64,Makkah,60-69,9
M,Jeddah,R05,Jeddah,80+,63
M,Riyadh,J15.9,Riyadh,80+,156
M,Jeddah,Z99.2,Makkah,60-69,1
M,Jeddah,K92.2,Jeddah,60-69,20
M,Jeddah,E11.11,Jeddah,00-17,106
F,Jeddah,O47.9,Jeddah,18-29,20
F,Riyadh,R07.1,Riyadh,40-49,60
F,Jeddah,I46.9,Jeddah,00-17,21
M,Jazan,E10.9,Assir,80+,6
M,Qassim,N18.9,Qassim,80+,5
F,Jeddah,O09.9,Makkah,40-49,2
F,Jeddah,D59.0,Jeddah,00-17,20
F,Jeddah,J18.9,Makkah,60-69,3
F,Qassim,A41.9,Qassim,18-29,2
M,Jeddah,R05,Jeddah,00-17,337
F,Jeddah,I46.9,Jeddah,80+,21
M,Medinah,N18.9,Medina,70-79,7
F,Riyadh,U82.3,Riyadh,50-59,62
M,Makkah,I50.0,Makkah,70-79,6
M,Jeddah,I26.9,Makkah,40-49,1
F,Jeddah,R05,Makkah,18-29,4
F,Jeddah,P22.9,Jeddah,00-17,58
M,Najran,M89.55,Riyadh,30-39,30
F,Jeddah,E13.11,Jeddah,18-29,80
M,Makkah,J18.1,Makkah,70-79,6
M,Jeddah,G41.9,Makkah,18-29,2
F,Makkah,J18.9,Makkah,70-79,67
M,Riyadh,Q39.0,Riyadh,80+,3
F,Jeddah,I26.9,Jeddah,70-79,40
M,Riyadh,J15.9,Riyadh,60-69,64
M,Jazan,R06.0,Jazan,70-79,2
F,Qassim,I26.9,Qassim,70-79,2
M,Riyadh,R17,Riyadh,50-59,63
F,Riyadh,O44.0,Riyadh,18-29,30
F,Jazan,M90.73,Jazan,00-17,2
M,Asir,K72.1,Asir,50-59,1
M,Eastern Region,I62.0,East,60-69,17
M,Najran,J18.9,Riyadh,00-17,32
M,Asir,E87.6,Assir,80+,7
F,Hafer AlBatin,I64,Riyadh,60-69,31
M,Tabuk,V99,Tabuk,00-17,2
M,Medinah,T22.01,Medina,00-17,6
F,Asir,A87.1,Assir,60-69,6
M,Asir,L95.9,Assir,30-39,6
M,Jazan,S02.65,Jazan,00-17,2
M,Qassim,U80.3,Qassim,50-59,6
M,Eastern Region,Z01.2,East,40-49,18
F,Riyadh,U88.2,Riyadh,00-17,30
F,Riyadh,I64,Riyadh,50-59,67
M,Medinah,O09.9,Medina,18-29,6
F,Medinah,P22.8,Medina,30-39,6
M,Jazan,E11.11,Jazan,50-59,2
F,Medinah,I50.9,Medinah,70-79,1
F,Makkah,I48.3,Makkah,50-59,6
F,Jazan,V99,Jazan,18-29,4
M,Qassim,S72.05,Qassim,60-69,2
M,Asir,H36,Assir,00-17,7
M,Asir,S72.05,Northern Borders,60-69,1
M,Makkah,J45.9,Medina,00-17,6
F,Medinah,E07.9,Medina,60-69,6
M,Jeddah,S72.9,Jeddah,40-49,22
M,Qassim,E11.65,Qassim,70-79,3
M,Jeddah,G91.0,Jeddah,00-17,20
F,Qurayyat,I26.9,Riyadh,60-69,31
M,Jeddah,J18.0,Jeddah,40-49,20
M,Riyadh,J15.9,Riyadh,00-17,162
F,Riyadh,N18.9,Riyadh,80+,31
F,Makkah,J96.09,Makkah,80+,6
F,Eastern Region,S73.00,Eastern Region,80+,1
M,Medinah,J21.0,Medinah,00-17,1
F,Asir,S83.18,Assir,30-39,1
F,Jeddah,E14.11,Jeddah,30-39,1
M,Jeddah,T21.00,Makkah,40-49,1
F,Jeddah,O43.1,Makkah,18-29,1
F,Eastern Region,Z50.9,East,40-49,3
M,Jouf,N13.3,Riyadh,00-17,33
F,Asir,Q90.9,Assir,00-17,13
F,Makkah,G04.8,Makkah,00-17,7
M,Qunfotha,J06.9,Makkah,40-49,6
F,Asir,Y00.03,Assir,18-29,1
F,Qassim,J96.01,Qassim,60-69,2
F,Qassim,E11.11,Qassim,70-79,2
M,Jeddah,G94.2,Jeddah,70-79,19
F,Medinah,O61.9,Medina,40-49,6
F,Medinah,O61.0,Medinah,18-29,1
F,Jeddah,J96.09,Makkah,50-59,3
M,Asir,S06.03,Assir,60-69,6
F,Qassim,R57.2,Qassim,00-17,1
M,Asir,A78,Assir,00-17,19
M,Riyadh,A99,Riyadh,30-39,32
F,Jeddah,E14.15,Northern Borders,40-49,1
M,Asir,A41.9,Asir,00-17,2
M,Medinah,K52.2,Medina,00-17,6
M,Qassim,N17.9,Qassim,70-79,4
M,Medinah,I67.9,Riyadh,60-69,1
M,Eastern Region,J18.0,East,00-17,18
M,Qurayyat,P94.2,Riyadh,00-17,30
F,Jazan,I69.4,Jazan,80+,2
M,Jeddah,I46.9,Makkah,50-59,1
M,Makkah,N18.9,Makkah,18-29,6
F,Riyadh,Z50.8,Riyadh,60-69,3
F,Riyadh,N20.0,Riyadh,30-39,32
M,Medinah,I24.9,Medinah,70-79,1
M,Medinah,I67.4,Medinah,80+,1
F,Medinah,I10,Medina,70-79,6
M,Asir,I64,Assir,40-49,18
M,Jeddah,R56.0,Jeddah,00-17,19
M,Riyadh,T22.02,Riyadh,40-49,32
M,Jeddah,I21.4,Makkah,50-59,2
F,Jeddah,J06.9,Jeddah,70-79,25
F,Jeddah,R57.2,Jeddah,70-79,20
F,Qassim,R52.9,Qassim,60-69,2
M,Riyadh,I21.9,Riyadh,30-39,33
M,Riyadh,Z93.0,Riyadh,30-39,4
M,Qassim,R57.9,Qassim,60-69,2
F,Jeddah,V99,Jeddah,18-29,21
M,Jeddah,J45.9,Makkah,70-79,1
F,Medinah,P28.49,Medina,00-17,6
M,Medinah,K04.7,Medinah,50-59,1
M,Jeddah,J96.00,Makkah,60-69,2
F,Riyadh,A09.9,Riyadh,18-29,60
M,Asir,S02.9,Assir,00-17,6
F,Riyadh,I61.9,Riyadh,18-29,32
M,Jazan,I64,Jazan,60-69,4
M,Medinah,R06.6,Medina,00-17,6
F,Jazan,Z50.9,Jeddah,70-79,1
M,Medinah,U80.4,Medinah,30-39,1
F,Asir,V99,Assir,30-39,7
F,Jeddah,S01.82,Jeddah,50-59,19
M,Eastern Region,N39.0,Eastern Region,60-69,1
F,Makkah,J39.9,Makkah,40-49,6
F,Makkah,R11,Makkah,00-17,18
F,Riyadh,E11.65,Riyadh,70-79,32
F,Jeddah,J44.1,Jeddah,80+,1
M,Jeddah,U80.3,Makkah,60-69,1
M,Eastern Region,A06.6,East,50-59,17
F,Riyadh,M17.9,Riyadh,70-79,1
M,Northern Borders,V99,Riyadh,00-17,30
M,Jeddah,E11.11,Jeddah,80+,44
F,Riyadh,K76.1,Riyadh,80+,30
M,Riyadh,K92.9,Riyadh,18-29,30
F,Qassim,J96.01,Qassim,80+,2
M,Riyadh,R05,Riyadh,40-49,265
M,Jeddah,R07.4,Makkah,30-39,1
F,Jeddah,I10,Makkah,50-59,2
M,Jeddah,A78,Jeddah,70-79,22
M,Medinah,J20.9,Medina,00-17,161
M,Makkah,R05,Makkah,18-29,6
M,Eastern Region,J20.9,East,00-17,17
F,Najran,K52.9,Najran,00-17,3
M,Makkah,I64,Makkah,60-69,24
F,Makkah,R05,Medina,18-29,6
F,Taif,R52.9,Jeddah,60-69,21
F,Riyadh,A78,Riyadh,00-17,91
M,Medinah,J45.9,Medina,00-17,171
M,Jeddah,I69.2,Jeddah,30-39,25
M,Riyadh,S06.8,Riyadh,00-17,35
F,Medinah,J18.9,Medina,80+,62
F,Jeddah,P22.9,Jeddah,18-29,26
F,Medinah,J18.9,Medina,00-17,186
F,Riyadh,J47,Riyadh,00-17,33
M,Riyadh,Z50.9,Riyadh,00-17,80
F,Makkah,I48.9,Makkah,80+,6
F,Asir,G40.61,Assir,00-17,7
M,Jeddah,J96.10,Jeddah,00-17,20
M,Riyadh,R63.8,Riyadh,00-17,31
F,Medinah,O48,Medina,30-39,6
M,Jazan,E13.15,Jazan,00-17,2
F,Makkah,I50.9,Makkah,80+,6
M,Jeddah,R65.1,Makkah,50-59,3
F,Riyadh,I48.9,Riyadh,80+,31
M,Jeddah,R17,Jeddah,00-17,79
M,Riyadh,J15.9,Riyadh,70-79,32
M,Riyadh,U80.3,Riyadh,60-69,7
F,Riyadh,J18.0,Riyadh,18-29,35
F,Makkah,S32.4,Makkah,18-29,6
M,Riyadh,Z01.1,Riyadh,60-69,30
M,Riyadh,I24.9,Riyadh,30-39,125
M,Qassim,I95.9,Qassim,80+,2
F,Qassim,J96.09,Qassim,40-49,2
M,Qassim,I21.9,Qassim,80+,5
M,Jeddah,S06.9,Makkah,70-79,1
F,Jeddah,J15.9,Makkah,30-39,1
F,Riyadh,Z50.8,Riyadh,00-17,30
F,Makkah,J80,Makkah,70-79,6
F,Riyadh,G80.4,Riyadh,00-17,5
F,Jeddah,G91.9,Makkah,18-29,1
M,Jeddah,N17.9,Makkah,18-29,1
F,Jeddah,A41.8,Makkah,60-69,1
F,Jouf,Q89.71,Riyadh,00-17,30
F,Riyadh,K80.00,Riyadh,00-17,30
F,Riyadh,P07.31,Riyadh,30-39,31
M,Baha,Z50.9,Riyadh,00-17,7
F,Medinah,J46,Medina,00-17,13
F,Jeddah,J47,Makkah,40-49,1
M,Jeddah,R05,Jeddah,18-29,119
F,Riyadh,K52.9,Riyadh,18-29,32
M,Jeddah,Z99.2,Jeddah,60-69,25
M,Riyadh,S06.02,Riyadh,60-69,32
M,Riyadh,J80,Riyadh,60-69,65
F,Jeddah,I81,Makkah,60-69,2
F,Jeddah,P58.1,Makkah,00-17,1
F,Jeddah,A41.9,Makkah,70-79,3
F,Jeddah,J18.9,Jeddah,00-17,318
M,Qassim,S06.03,Qassim,30-39,2
F,Asir,D18.02,Assir,18-29,6
F,Jeddah,I51.9,Jeddah,50-59,20
F,Asir,K92.9,Assir,18-29,17
M,Qunfotha,G04.2,Makkah,00-17,6
M,Baha,M05.88,Makkah,60-69,1
M,Hafer AlBatin,I24.9,Hafer Albatin,30-39,2
M,Jazan,D56.9,Assir,30-39,7
M,Najran,R29.2,Riyadh,00-17,30
F,Jeddah,R07.1,Makkah,50-59,1
M,Makkah,E11.11,Makkah,50-59,6
F,Riyadh,T21.09,Riyadh,00-17,30
F,Jeddah,U82.3,Jeddah,50-59,42
F,Medinah,I10,Medina,30-39,1
F,Jazan,S02.1,Jazan,00-17,2
M,Asir,K81.0,Assir,70-79,6
M,Jeddah,D69.6,Makkah,00-17,1
M,Jazan,Z50.9,Riyadh,40-49,2
M,Qassim,F19.5,Qassim,30-39,1
F,Riyadh,H35.6,Riyadh,40-49,31
M,Jazan,J21.9,Jazan,00-17,6
M,Jeddah,Z50.9,Jeddah,18-29,2
M,Baha,G80.9,Jeddah,00-17,1
M,Asir,J18.0,Assir,30-39,6
F,Asir,G93.2,Assir,40-49,6
M,Asir,M05.26,Assir,00-17,6
M,Medinah,J03.9,Medinah,00-17,2
M,Asir,A20.7,Asir,70-79,1
M,Eastern Region,D33.1,East,18-29,7
F,Makkah,G40.10,Makkah,00-17,6
M,Asir,P07.30,Assir,00-17,6
M,Asir,S62.52,Assir,40-49,1
M,Makkah,P36.0,Medina,00-17,6
F,Jeddah,P36.8,Makkah,00-17,1
M,Riyadh,S52.51,Riyadh,30-39,31
M,Riyadh,G40.60,Riyadh,50-59,1
F,Qunfotha,R05,Makkah,00-17,6
M,Asir,Y55.6,Assir,00-17,6
M,Riyadh,V99,Riyadh,60-69,32
F,Medinah,N17.9,Medina,70-79,6
F,Asir,Z23.7,Assir,00-17,6
M,Jeddah,S92.22,Makkah,50-59,1
M,Riyadh,T21.02,Riyadh,30-39,32
F,Jeddah,K56.3,Makkah,18-29,1
F,Qurayyat,K92.2,Riyadh,70-79,31
F,Eastern Region,J15.9,East,00-17,17
M,Eastern Region,U82.3,Eastern Region,80+,1
F,Qassim,J18.8,Qassim,50-59,2
F,Jazan,S83.10,Jazan,50-59,2
M,Jeddah,J81,Jeddah,60-69,43
F,Jazan,E13.15,Jazan,00-17,2
F,Riyadh,O09.9,Riyadh,18-29,32
F,Riyadh,J15.9,Riyadh,40-49,31
M,Jazan,S72.05,Jazan,00-17,4
M,Medinah,E11.11,Medinah,00-17,1
M,Riyadh,S72.9,Riyadh,00-17,30
M,Jazan,S73.00,Assir,18-29,6
M,Jeddah,N18.9,Makkah,50-59,2
M,Makkah,E13.15,Makkah,00-17,6
M,Medinah,R17,Medinah,40-49,1
F,Riyadh,S83.18,Riyadh,70-79,1
M,Medinah,O66.3,Medinah,30-39,1
F,Jeddah,J96.01,Jeddah,70-79,45
F,Najran,J18.9,Najran,00-17,30
M,Qunfotha,S52.51,Jeddah,18-29,19
M,Riyadh,M47.07,Riyadh,18-29,31
M,Asir,K58.0,Assir,00-17,6
F,Jeddah,J44.9,Jeddah,50-59,1
F,Jeddah,R57.2,Jeddah,40-49,1
F,Asir,I43.8,Assir,00-17,6
M,Medinah,N17.9,Medina,80+,7
M,Taif,V99,Taef,00-17,2
M,Medinah,N17.9,Medina,00-17,6
F,Riyadh,O82,Riyadh,40-49,32
M,Medinah,U80.3,Medina,40-49,12
M,Medinah,E13.15,Medinah,30-39,1
F,Medinah,J18.9,Medinah,60-69,2
F,Qassim,E11.11,Qassim,40-49,3
M,Riyadh,S12.7,Riyadh,18-29,31
M,Riyadh,V09.2,Riyadh,18-29,1
M,Medinah,E13.11,Medinah,50-59,1
F,Riyadh,S82.21,Riyadh,50-59,35
M,Riyadh,S72.9,Riyadh,80+,61
F,Riyadh,P91.60,Riyadh,00-17,31
F,Jouf,W84,Riyadh,00-17,30
M,Riyadh,M47.19,Riyadh,40-49,33
M,Asir,N17.9,Asir,60-69,1
M,Jeddah,E14.11,Jeddah,30-39,1
M,Tabuk,E11.11,Medinah,70-79,1
M,Jeddah,J96.01,Makkah,18-29,1
M,Makkah,M48.42,Makkah,60-69,6
M,Asir,J18.0,Assir,60-69,6
F,Qassim,J06.9,Qassim,40-49,2
F,Hassa,U82.3,Ihsaa,70-79,1
F,Medinah,O09.9,Medinah,30-39,1
F,Medinah,O42.9,Medinah,40-49,1
M,Jeddah,S87.8,Jeddah,00-17,21
M,Jouf,N17.9,Makkah,50-59,6
F,Jeddah,S82.81,Makkah,70-79,1
F,Jeddah,S73.02,Makkah,60-69,1
M,Qassim,J45.9,Qassim,30-39,2
F,Medinah,K92.9,Medinah,80+,2
M,Medinah,Q39.15,Medina,18-29,6
F,Asir,I42.0,Assir,00-17,7
M,Asir,Q71.41,Asir,00-17,1
F,Makkah,R56.0,Makkah,00-17,6
M,Riyadh,J15.9,Riyadh,18-29,32
F,Makkah,I50.0,Makkah,50-59,6
M,Jeddah,I69.4,Makkah,80+,1
F,Riyadh,Z96.62,Riyadh,50-59,1
F,Medinah,O00.0,Medina,00-17,8
M,Asir,S06.03,Assir,80+,6
F,Jeddah,J80,Makkah,60-69,1
F,Jeddah,Z93.1,Makkah,80+,1
F,Tabuk,S72.05,Jeddah,70-79,22
M,Qassim,S06.01,Qassim,60-69,3
F,Qassim,R57.9,Qassim,80+,3
F,Riyadh,E55.9,Riyadh,30-39,1
F,Asir,J39.9,Assir,80+,7
M,Makkah,R10.0,Makkah,40-49,6
F,Asir,R10.0,Assir,00-17,24
F,Asir,R05,Assir,00-17,241
F,Asir,R05,Assir,80+,43
F,Qunfotha,I64,Makkah,80+,6
M,Riyadh,M54.5,Riyadh,60-69,30
M,Jeddah,I64,Jeddah,70-79,236
M,Riyadh,K59.0,Riyadh,30-39,3
F,Riyadh,A09.9,Riyadh,00-17,285
M,Riyadh,R05,Riyadh,80+,296
M,Jeddah,J20.9,Jeddah,00-17,99
F,Jeddah,I10,Jeddah,50-59,40
F,Tabuk,A78,Medina,80+,7
F,Medinah,J45.9,Medina,00-17,127
M,Riyadh,R05,Riyadh,00-17,942
M,Bisha,R05,Riyadh,18-29,32
F,Jeddah,I50.9,Jeddah,70-79,43
F,Medinah,J18.0,Medina,00-17,134
M,Medinah,R17,Medina,40-49,6
F,Jeddah,I24.9,Jeddah,30-39,20
M,Riyadh,M21.37,Riyadh,00-17,32
F,Asir,I70.22,Assir,80+,7
M,Asir,W84,Assir,00-17,6
M,Medinah,E11.11,Medina,60-69,7
M,Jeddah,I50.9,Makkah,40-49,1
M,Riyadh,R07.1,Riyadh,80+,31
M,Jeddah,W59.1,Jeddah,70-79,20
F,Qunfotha,K76.9,Makkah,50-59,6
M,Riyadh,G03.8,Riyadh,00-17,33
F,Jeddah,R57.1,Jeddah,00-17,19
M,Qunfotha,J12.8,Makkah,80+,6
F,Jeddah,J18.8,Jeddah,70-79,21
F,Jeddah,I21.9,Jeddah,80+,19
M,Jeddah,J18.9,Makkah,30-39,3
M,Medinah,A41.8,Medina,80+,13
M,Riyadh,K92.9,Riyadh,80+,90
M,Northern Borders,J96.00,Riyadh,80+,33
F,Medinah,I24.9,Makkah,60-69,2
M,Najran,I27.2,Najran,00-17,3
M,Medinah,N17.9,Medina,40-49,6
M,Makkah,J18.9,Makkah,50-59,29
F,Riyadh,J18.9,Riyadh,60-69,163
F,Medinah,O60.0,Medina,40-49,6
F,Makkah,U88.2,Makkah,18-29,6
M,Jeddah,R05,Jeddah,30-39,100
M,Bisha,I51.9,Assir,80+,6
M,Asir,N17.9,Assir,80+,20
F,Najran,R56.0,Najran,00-17,9
M,Jeddah,E11.11,Makkah,70-79,3
M,Makkah,S32.5,Makkah,40-49,6
M,Jeddah,D71,Makkah,50-59,1
M,Jeddah,R57.2,Makkah,80+,4
M,Jeddah,V99,Makkah,60-69,1
M,Asir,I45.5,Assir,70-79,6
M,Jeddah,I69.4,Jeddah,60-69,24
M,Eastern Region,U82.3,East,80+,36
F,Jeddah,J96.09,Makkah,30-39,1
F,Jeddah,I27.2,Makkah,00-17,1
M,Qassim,Z50.9,Riyadh,00-17,9
F,Qurayyat,P22.0,Riyadh,00-17,30
F,Riyadh,K92.9,Riyadh,30-39,62
M,Hassa,M24.85,Riyadh,30-39,5
F,Jeddah,J18.9,Jeddah,40-49,21
M,Riyadh,J90,Riyadh,50-59,32
M,Jeddah,G41.9,Makkah,00-17,2
F,Medinah,K92.9,Medina,50-59,6
M,Northern Borders,U82.3,Riyadh,70-79,30
M,Riyadh,M25.47,Riyadh,60-69,32
M,Riyadh,M47.00,Riyadh,60-69,32
M,Asir,J18.9,Assir,40-49,6
F,Tabuk,N18.9,Medina,60-69,7
F,Riyadh,E11.11,Riyadh,40-49,154
M,Makkah,Q62.0,Makkah,00-17,6
F,Medinah,O09.9,Medina,40-49,19
F,Riyadh,K85.9,Riyadh,50-59,32
M,Tabuk,S52.11,Medina,18-29,7
F,Jeddah,P07.31,Jeddah,18-29,39
M,Jeddah,N11.1,Jeddah,70-79,22
F,Asir,S83.18,Assir,60-69,1
M,Asir,I51.9,Assir,00-17,1
M,Medinah,U80.4,Medina,00-17,6
F,Qassim,J18.0,Qassim,60-69,6
M,Asir,N17.9,Assir,00-17,6
M,Riyadh,K43.2,Riyadh,80+,31
F,Riyadh,I30.1,Riyadh,18-29,30
M,Medinah,J15.9,Medinah,00-17,4
M,Riyadh,I67.9,Riyadh,60-69,2
F,Asir,R52.9,Assir,50-59,6
F,Tabuk,S72.05,Makkah,70-79,1
F,Riyadh,I50.0,Riyadh,60-69,33
M,Jazan,G40.60,Jazan,00-17,2
M,Eastern Region,J45.9,East,60-69,17
F,Medinah,R10.0,Medina,00-17,12
F,Jeddah,E10.11,Makkah,60-69,1
M,Asir,J21.0,Asir,00-17,1
M,Makkah,F20.2,Makkah,30-39,6
M,Asir,V99,Assir,50-59,7
M,Eastern Region,M51.9,East,00-17,1
M,Asir,G41.9,Assir,00-17,12
M,Northern Borders,R05,Riyadh,50-59,32
M,Makkah,S72.9,Makkah,40-49,7
M,Jeddah,U80.3,Jeddah,00-17,43
F,Qassim,V09.9,Qassim,00-17,2
M,Medinah,G70.0,Medinah,50-59,1
F,Asir,E10.11,Assir,30-39,6
M,Asir,J21.1,Assir,00-17,6
F,Makkah,S56.4,Makkah,60-69,6
F,Asir,U86.2,Assir,50-59,3
F,Medinah,E11.11,Medinah,18-29,1
F,Jeddah,O61.9,Makkah,40-49,1
M,Asir,R51,Assir,18-29,7
F,Makkah,S62.52,Makkah,18-29,6
M,Riyadh,M48.00,Riyadh,60-69,1
F,Medinah,O63.9,Medinah,18-29,1
F,Makkah,E10.11,Makkah,50-59,6
F,Riyadh,S72.05,Riyadh,40-49,60
M,Riyadh,A41.9,Riyadh,30-39,33
M,Riyadh,S86.8,Riyadh,18-29,33
F,Riyadh,Q92.9,Riyadh,00-17,35
M,Riyadh,F19.0,Riyadh,30-39,3
M,Riyadh,P91.60,Medina,00-17,6
F,Medinah,Z50.9,Riyadh,00-17,1
M,Jazan,H10.0,Jazan,00-17,1
F,Medinah,N17.9,Medinah,50-59,1
F,Riyadh,R51,Riyadh,30-39,30
M,Bisha,P07.31,Riyadh,00-17,31
M,Riyadh,J44.9,Riyadh,60-69,1
M,Tabuk,T18.2,Medinah,40-49,1
F,Makkah,E87.2,Makkah,18-29,6
F,Medinah,I50.9,Medina,00-17,6
F,Jeddah,P36.8,Jeddah,00-17,20
F,Asir,R10.4,Assir,50-59,7
M,Najran,A41.9,Riyadh,50-59,1
M,Makkah,K92.2,Makkah,40-49,7
M,Jeddah,J96.09,Jeddah,50-59,21
M,Medinah,I50.9,Medina,60-69,7
F,Makkah,I27.9,Makkah,50-59,6
F,Medinah,D57.1,Medina,30-39,7
M,Jazan,J18.9,Jazan,00-17,12
M,Riyadh,J96.19,Riyadh,18-29,32
M,Jeddah,J96.01,Makkah,30-39,1
F,Jeddah,Q56.41,Jeddah,18-29,20
M,Asir,J15.5,Assir,80+,1
M,Riyadh,I48.4,Riyadh,80+,1
M,Riyadh,V99,Medina,80+,7
F,Asir,E10.11,Assir,40-49,1
M,Najran,E13.11,Najran,00-17,3
F,Riyadh,I20.0,Riyadh,80+,30
M,Medinah,U83.3,Medinah,00-17,1
M,Asir,A41.9,Assir,60-69,18
F,Jeddah,V99,Jeddah,40-49,1
M,Riyadh,A17.8,Riyadh,30-39,1
M,Riyadh,N46,Riyadh,30-39,1
F,Asir,S72.05,Assir,50-59,6
M,Northern Borders,V99,Jeddah,18-29,20
F,Asir,I62.9,Assir,70-79,6
M,Asir,J93.8,Assir,18-29,6
M,Asir,S52.02,Assir,00-17,6
M,Qunfotha,P07.32,Jeddah,00-17,22
F,Makkah,W84,Makkah,00-17,6
F,Jeddah,U82.3,Jeddah,18-29,21
F,Asir,M48.42,Asir,70-79,1
M,Najran,K29.70,Najran,00-17,6
F,Makkah,J20.9,Makkah,00-17,24
M,Riyadh,S02.3,Riyadh,00-17,34
F,Asir,I60.8,Assir,50-59,7
M,Jeddah,R55,Jeddah,80+,23
F,Qunfotha,S52.11,Makkah,30-39,6
M,Medinah,R17,Medina,00-17,6
M,Jeddah,E87.6,Jeddah,50-59,22
F,Qassim,H70.0,Qassim,70-79,2
F,Eastern Region,R63.0,Eastern Region,40-49,1
F,Medinah,E11.11,Medina,60-69,21
F,Jazan,S02.0,Jazan,60-69,2
M,Asir,S65.5,Asir,00-17,1
M,Riyadh,K70.1,Riyadh,40-49,31
M,Qassim,R05,Qassim,00-17,12
F,Jouf,T21.00,Riyadh,00-17,31
M,Najran,R11,Najran,00-17,3
F,Hafer AlBatin,Z50.9,East,00-17,1
M,Asir,K92.9,Assir,00-17,6
F,Jeddah,Q56.41,Makkah,18-29,1
M,Jeddah,J47,Jeddah,18-29,21
F,Jeddah,R57.1,Makkah,70-79,1
F,Riyadh,Z50.8,Riyadh,70-79,2
M,Bisha,R25.0,Riyadh,00-17,30
M,Qassim,Z86.42,Qassim,18-29,1
M,Bisha,J18.9,Assir,00-17,13
M,Jeddah,Z50.9,Jeddah,50-59,1
M,Jeddah,N18.9,Jeddah,50-59,39
F,Jazan,A38,Jazan,00-17,2
F,Asir,O42.9,Assir,18-29,24
M,Jeddah,J44.1,Makkah,18-29,1
M,Riyadh,Q85.0,Riyadh,18-29,30
F,Riyadh,S32.5,Riyadh,00-17,31
M,Qassim,J96.10,Qassim,00-17,2
M,Medinah,U80.4,Medinah,00-17,1
M,Jeddah,J06.9,Jeddah,60-69,93
M,Jeddah,D57.0,Makkah,00-17,1
F,Medinah,O00.0,Medina,18-29,201
F,Medinah,R05,Medina,00-17,211
M,Jeddah,S09.9,Jeddah,40-49,24
M,Jeddah,A78,Makkah,00-17,1
F,Asir,R07.4,Assir,40-49,6
F,Makkah,J45.9,Makkah,70-79,6
F,Jazan,J45.9,Jazan,60-69,2
M,Qassim,I64,Qassim,70-79,16
F,Jeddah,J18.9,Jeddah,18-29,43
F,Eastern Region,I20.0,East,60-69,16
F,Najran,A09.0,Najran,00-17,3
F,Eastern Region,A41.9,East,80+,18
M,Riyadh,E10.40,Riyadh,60-69,33
M,Jeddah,J06.9,Jeddah,30-39,21
M,Jeddah,D57.0,Jeddah,18-29,1
M,Qassim,S06.03,Qassim,70-79,2
F,Qassim,U80.3,Qassim,50-59,6
F,Medinah,I24.9,Medinah,60-69,2
F,Qassim,N18.9,Qassim,70-79,3
F,Jeddah,I31.9,Makkah,50-59,1
F,Jeddah,J15.9,Makkah,50-59,1
F,Riyadh,O00.0,Riyadh,00-17,31
F,Qassim,J96.09,Qassim,50-59,3
F,Jeddah,E67.1,Makkah,50-59,1
F,Asir,J21.9,Asir,00-17,3
M,Makkah,A41.9,Makkah,00-17,25
F,Riyadh,K25.3,Riyadh,18-29,32
M,Jazan,S63.10,Jazan,00-17,2
M,Asir,R52.0,Assir,00-17,6
M,Najran,M02.17,Assir,30-39,6
M,Medinah,O42.9,Medina,40-49,6
F,Jeddah,O60.0,Makkah,30-39,1
M,Makkah,T04.3,Makkah,00-17,6
M,Jouf,K92.9,Riyadh,00-17,30
M,Riyadh,Z89.9,Riyadh,70-79,1
M,Eastern Region,Z50.9,Riyadh,30-39,1
M,Riyadh,G93.1,Riyadh,30-39,2
M,Makkah,F19.5,Makkah,18-29,6
M,Eastern Region,Z50.8,Eastern Region,40-49,1
F,Qassim,J18.0,Qassim,80+,5
M,Medinah,P22.8,Medina,00-17,6
M,Asir,J17.8,Assir,80+,1
M,Medinah,V99,Medinah,00-17,1
F,Eastern Region,J18.0,East,70-79,17
M,Asir,I64,Jeddah,50-59,20
M,Makkah,J12.8,Makkah,70-79,6
M,Asir,P23.8,Assir,00-17,1
M,Jazan,A41.9,Jazan,00-17,6
F,Medinah,J18.0,Medina,80+,6
F,Jeddah,N17.9,Makkah,70-79,1
F,Jeddah,G41.9,Makkah,70-79,1
F,Jazan,J18.9,Jazan,80+,8
F,Jeddah,S06.03,Jeddah,18-29,22
F,Jazan,J18.9,Jazan,00-17,10
F,Medinah,R65.1,Medinah,70-79,1
M,Jeddah,A80.3,Jeddah,00-17,1
F,Asir,I50.0,Hail,80+,1
F,Jeddah,R05,Makkah,80+,6
F,Riyadh,E34.8,Riyadh,70-79,3
F,Jeddah,I10,Makkah,30-39,1
M,Northern Borders,J18.0,Riyadh,00-17,31
M,Riyadh,S73.00,Riyadh,18-29,60
M,Jazan,J38.5,Jazan,40-49,1
M,Makkah,G03.9,Makkah,70-79,6
M,Riyadh,Y85.0,Riyadh,18-29,1
F,Jeddah,A41.9,Makkah,18-29,2
M,Jeddah,D69.6,Jeddah,00-17,19
M,Jeddah,N18.2,Jeddah,50-59,22
F,Jazan,I64,Riyadh,70-79,1
M,Jazan,Y61.6,Jazan,00-17,2
F,Jazan,V99,Jazan,00-17,2
M,Makkah,R10.4,Makkah,50-59,1
F,Asir,T05.8,Assir,00-17,6
F,Qassim,J18.0,Qassim,00-17,2
M,Qassim,N17.9,Qassim,18-29,2
F,Jeddah,V99,Makkah,18-29,1
F,Riyadh,S06.03,Riyadh,70-79,34
F,Medinah,P07.31,Medinah,00-17,1
M,Qassim,J18.9,Qassim,00-17,7
M,Asir,I26.9,Assir,70-79,6
M,Jeddah,J96.00,Jeddah,40-49,25
F,Qassim,E05.8,Qassim,18-29,2
F,Jeddah,I50.9,Jeddah,60-69,20
M,Eastern Region,I24.9,Eastern Region,60-69,1
F,Makkah,A78,Makkah,00-17,6
F,Medinah,P01.1,Medina,18-29,6
F,Medinah,O00.0,Medinah,18-29,24
F,Riyadh,J84.1,Riyadh,70-79,1
F,Jeddah,Z50.8,Jeddah,70-79,1
M,Asir,S43.03,Riyadh,00-17,14
M,Jeddah,J96.01,Jeddah,30-39,21
M,Medinah,Z50.9,Jeddah,40-49,1
M,Riyadh,N18.9,Riyadh,18-29,31
F,Qunfotha,S72.9,Makkah,60-69,6
M,Jeddah,I24.9,Jeddah,18-29,22
M,Jeddah,J81,Makkah,50-59,1
M,Jeddah,I51.9,Jeddah,30-39,19
M,Riyadh,I89.0,Riyadh,40-49,1
F,Eastern Region,S73.00,East,80+,18
M,Eastern Region,T80.2,East,40-49,17
M,Jeddah,N18.9,Makkah,40-49,1
M,Riyadh,S92.0,Riyadh,50-59,30
F,Medinah,J96.01,Medina,80+,8
F,Jeddah,Z50.9,Jeddah,00-17,4
M,Riyadh,I61.0,Riyadh,60-69,2
F,Riyadh,R26.2,Riyadh,00-17,1
M,Jeddah,Z92.5,Jeddah,00-17,1
M,Asir,P22.8,Assir,00-17,1
M,Asir,D57.1,Assir,00-17,18
M,Qassim,I64,Qassim,60-69,15
F,Jeddah,I64,Makkah,80+,13
M,Jeddah,J21.9,Jeddah,00-17,122
M,Qassim,R10.4,Qassim,60-69,2
M,Qassim,R06.0,Qassim,70-79,2
F,Jeddah,O00.0,Makkah,30-39,15
M,Makkah,I50.0,Makkah,40-49,6
M,Makkah,Q31.5,Makkah,00-17,6
F,Makkah,J18.9,Jeddah,50-59,22
M,Makkah,M80.20,Makkah,18-29,6
M,Qassim,R06.6,Qassim,18-29,2
M,Riyadh,R06.0,Riyadh,50-59,31
F,Medinah,R57.8,Medina,60-69,7
M,Hafer AlBatin,Q43.0,Hafer Albatin,00-17,2
F,Riyadh,A41.9,Riyadh,18-29,100
F,Riyadh,M60.88,Riyadh,00-17,31
M,Makkah,J18.0,Makkah,00-17,18
F,Jeddah,J96.01,Makkah,80+,1
F,Riyadh,Z50.9,Riyadh,50-59,46
F,Jeddah,O09.9,Jeddah,30-39,38
M,Riyadh,V99,Riyadh,30-39,248
F,Makkah,J12.8,Makkah,50-59,6
M,Outside-KSA,P07.31,Makkah,00-17,1
M,Riyadh,U80.3,Riyadh,50-59,64
M,Medinah,M72.68,Medina,60-69,6
F,Jeddah,O09.9,Makkah,18-29,4
M,Makkah,J18.8,Makkah,30-39,6
M,Riyadh,A41.9,Riyadh,70-79,63
F,Riyadh,J18.9,Riyadh,50-59,96
M,Jeddah,G41.9,Jeddah,30-39,24
M,Qassim,R65.1,Qassim,70-79,3
F,Jeddah,O42.9,Jeddah,30-39,140
M,Jeddah,J44.9,Jeddah,70-79,21
F,Makkah,U80.3,Makkah,40-49,6
M,Jeddah,S06.03,Jeddah,50-59,42
F,Medinah,E11.11,Medina,18-29,6
F,Riyadh,J15.8,Riyadh,70-79,30
F,Riyadh,W01.0,Riyadh,60-69,31
M,Riyadh,I51.9,Riyadh,60-69,164
M,Asir,R57.2,Assir,80+,27
M,Riyadh,E10.11,Riyadh,00-17,153
M,Jeddah,E13.15,Makkah,18-29,2
M,Jeddah,N17.9,Makkah,50-59,3
M,Qassim,U88.2,Qassim,18-29,2
M,Jeddah,J18.0,Makkah,80+,1
F,Tabuk,V99,Tabuk,18-29,2
M,Asir,P07.32,Assir,00-17,47
F,Jeddah,I50.0,Jeddah,60-69,21
F,Jeddah,I46.9,Makkah,00-17,1
F,Riyadh,U80.3,Riyadh,60-69,31
M,Eastern Region,S98.2,East,00-17,18
M,Asir,H35.1,Assir,00-17,14
F,Medinah,P59.9,Medina,80+,7
M,Jeddah,S82.21,Makkah,40-49,2
M,Medinah,N17.9,Medina,18-29,6
M,Eastern Region,E16.1,East,60-69,17
M,Asir,K40.20,Assir,00-17,6
M,Riyadh,G82.50,Riyadh,30-39,1
M,Makkah,A09.0,Makkah,00-17,6
M,Medinah,D01.0,Medina,50-59,6
M,Medinah,I64,Medinah,60-69,3
M,Asir,A41.8,Assir,70-79,1
M,Jeddah,R19.1,Jeddah,50-59,22
F,Jeddah,K41.0,Jeddah,80+,19
M,Asir,Z50.8,Jeddah,00-17,1
F,Qassim,J15.9,Northern Borders,70-79,1
M,Medinah,M72.68,Medinah,60-69,1
F,Hassa,G81.0,Ihsaa,50-59,1
F,Riyadh,J18.9,Riyadh,18-29,1
M,Asir,I24.9,Asir,40-49,1
F,Medinah,I64,Medina,80+,19
F,Qassim,E13.11,Qassim,30-39,2
F,Northern Borders,S82.82,Riyadh,30-39,31
F,Qassim,M79.00,Qassim,18-29,2
F,Makkah,O00.0,Medinah,18-29,1
F,Riyadh,I60.8,Riyadh,30-39,30
F,Riyadh,I50.0,Riyadh,70-79,31
M,Medinah,K64.5,Medina,18-29,6
M,Jeddah,J18.9,Makkah,60-69,1
M,Jeddah,S92.22,Jeddah,50-59,20
M,Riyadh,K76.9,Riyadh,18-29,32
F,Asir,R10.0,Assir,40-49,6
F,Riyadh,J45.9,Riyadh,30-39,31
M,Riyadh,A20.2,Riyadh,00-17,61
F,Qassim,J45.9,Qassim,00-17,7
F,Jeddah,G40.60,Jeddah,18-29,22
F,Medinah,J06.9,Medina,18-29,7
M,Jeddah,P70.0,Makkah,00-17,1
F,Riyadh,T67.0,Riyadh,80+,3
F,Riyadh,U88.1,Riyadh,18-29,1
F,Qassim,I10,Qassim,60-69,2
M,Baha,N48.0,Jeddah,60-69,1
F,Qassim,R05,Qassim,80+,17
F,Riyadh,A09.9,Riyadh,50-59,30
M,Qassim,I74.8,Qassim,40-49,4
F,Jazan,I71.6,Assir,80+,6
F,Asir,S80.0,Assir,40-49,1
F,Jeddah,P07.30,Jeddah,00-17,1
M,Medinah,J21.9,Medinah,00-17,9
M,Riyadh,K92.9,Riyadh,30-39,30
M,Eastern Region,J93.8,East,70-79,17
F,Jeddah,N25.9,Jeddah,40-49,20
F,Asir,R57.2,Assir,60-69,1
F,Qurayyat,J06.9,Riyadh,00-17,32
M,Najran,M60.19,Najran,00-17,3
M,Jazan,I95.8,Assir,70-79,6
M,Jeddah,I51.9,Jeddah,00-17,20
M,Makkah,Z50.9,Riyadh,60-69,1
M,Jeddah,G91.0,Makkah,00-17,1
M,Jazan,P61.5,Jazan,00-17,2
F,Asir,J18.8,Assir,80+,1
F,Medinah,I69.4,Medina,50-59,6
F,Qassim,E13.11,Qassim,50-59,3
M,Qassim,J15.9,Qassim,00-17,2
F,Jeddah,W10.9,Jeddah,00-17,19
F,Qassim,I60.8,Qassim,50-59,2
M,Jeddah,I21.4,Jeddah,50-59,38
M,Jazan,I10,Jazan,40-49,4
M,Jeddah,I10,Makkah,18-29,1
F,Asir,R56.0,Assir,00-17,6
M,Jeddah,I26.0,Jeddah,70-79,25
F,Outside-KSA,I35.0,Jeddah,60-69,22
M,Jeddah,G41.9,Jeddah,00-17,40
F,Medinah,I60.8,Medina,80+,6
M,Riyadh,V99,Riyadh,00-17,153
M,Riyadh,I24.9,Riyadh,18-29,31
F,Jeddah,I98.3,Makkah,18-29,1
F,Jeddah,R05,Makkah,40-49,4
M,Jeddah,Z93.0,Makkah,70-79,1
M,Jeddah,A41.9,Jeddah,30-39,24
F,Jeddah,R65.1,Jeddah,00-17,22
F,Jeddah,R60.9,Makkah,70-79,1
M,Jeddah,J18.9,Makkah,70-79,8
M,Eastern Region,J15.9,East,00-17,17
M,Riyadh,G93.1,Riyadh,18-29,38
F,Makkah,J18.9,Makkah,18-29,12
F,Jeddah,I44.2,Makkah,70-79,1
M,Bisha,M48.42,Makkah,70-79,1
F,Medinah,P05.9,Medina,18-29,6
F,Jeddah,J46,Jeddah,00-17,39
M,Jeddah,R05,Makkah,30-39,5
M,Jeddah,W59.1,Makkah,70-79,1
M,Jeddah,J18.9,Makkah,18-29,2
M,Qassim,E10.11,Qassim,30-39,5
M,Jeddah,I50.9,Jeddah,40-49,21
F,Jeddah,I26.9,Makkah,50-59,3
M,Riyadh,U82.2,Riyadh,60-69,31
F,Riyadh,N39.0,Riyadh,80+,62
F,Jeddah,G93.1,Jeddah,70-79,1
F,Jeddah,P07.32,Jeddah,00-17,147
F,Asir,A41.9,Assir,30-39,13
M,Asir,J90,Assir,80+,14
M,Tabuk,N17.9,Medina,70-79,6
M,Asir,J44.9,Assir,50-59,7
M,Najran,J39.8,Najran,00-17,3
M,Riyadh,P59.9,Riyadh,40-49,30
M,Riyadh,T20.0,Riyadh,40-49,31
M,Jeddah,J18.9,Jeddah,50-59,23
F,Jeddah,U80.3,Jeddah,50-59,22
M,Jazan,E11.11,Riyadh,80+,31
M,Riyadh,W84,Riyadh,50-59,32
F,Qassim,J81,Qassim,80+,8
F,Jouf,U88.2,Riyadh,00-17,31
F,Riyadh,J18.9,Riyadh,70-79,95
M,Riyadh,Q39.21,Riyadh,18-29,32
F,Jeddah,A41.9,Jeddah,60-69,65
F,Makkah,I26.9,Makkah,80+,6
M,Asir,R57.2,Assir,40-49,12
F,Jeddah,I24.9,Makkah,30-39,1
F,Jeddah,I40.0,Makkah,60-69,1
F,Asir,I26.9,Assir,50-59,6
M,Riyadh,E11.11,Riyadh,50-59,218
F,Riyadh,I24.9,Riyadh,40-49,63
M,Riyadh,E87.1,Riyadh,60-69,32
F,Jeddah,P05.9,Jeddah,18-29,21
M,Jeddah,E14.11,Makkah,70-79,1
M,Riyadh,J84.9,Riyadh,60-69,32
F,Riyadh,G40.60,Riyadh,70-79,31
F,Medinah,O42.9,Medina,18-29,144
M,Medinah,I51.9,Medina,50-59,12
M,Jeddah,E11.11,Makkah,60-69,5
M,Riyadh,J15.9,Riyadh,30-39,31
M,Asir,N18.2,Assir,80+,6
M,Asir,E10.11,Assir,00-17,19
F,Qassim,I50.0,Qassim,80+,3
M,Qassim,E87.6,Qassim,00-17,3
M,Jeddah,I51.9,Makkah,00-17,1
M,Riyadh,G82.02,Riyadh,18-29,1
F,Medinah,O61.0,Medina,30-39,1
M,Riyadh,P23.5,Riyadh,40-49,1
F,Jazan,J45.9,Jazan,00-17,6
M,Qunfotha,E11.11,Makkah,70-79,7
M,Jazan,J90,Jazan,00-17,2
M,Riyadh,T70.3,Riyadh,40-49,2
M,Jeddah,G03.8,Makkah,50-59,1
F,Jeddah,E67.1,Jeddah,50-59,24
M,Riyadh,S06.20,Riyadh,18-29,3
F,Jouf,R05,Riyadh,40-49,32
F,Eastern Region,K92.9,East,80+,18
F,Riyadh,L89.15,Riyadh,60-69,3
F,Eastern Region,Z50.8,East,40-49,1
M,Riyadh,Q77.00,Riyadh,30-39,1
M,Riyadh,V99,Riyadh,80+,30
M,Medinah,G41.9,Medinah,18-29,1
M,Medinah,V99,Medina,00-17,13
F,Jazan,V99,Jazan,40-49,4
F,Riyadh,N39.0,Riyadh,00-17,30
F,Eastern Region,J15.9,East,60-69,17
M,Northern Borders,V99,Makkah,18-29,1
M,Medinah,Z50.8,Jeddah,18-29,1
M,Jeddah,J15.9,Northern Borders,00-17,1
F,Asir,O64.1,Assir,30-39,6
M,Riyadh,M17.9,Riyadh,30-39,1
F,Makkah,J96.09,Makkah,18-29,1
M,Qassim,I21.9,Qassim,60-69,2
F,Jazan,S73.00,Jazan,40-49,2
M,Jazan,M25.11,Assir,00-17,6
F,Jeddah,Z50.9,Riyadh,00-17,3
F,Riyadh,I69.4,Riyadh,50-59,1
F,Jeddah,O42.9,Jeddah,18-29,60
F,Jeddah,E11.11,Jeddah,30-39,20
M,Qurayyat,U82.3,Riyadh,80+,31
F,Hassa,S72.05,Ihsaa,60-69,1
M,Riyadh,U83.2,Riyadh,80+,3
M,Riyadh,J96.01,Riyadh,60-69,1
M,Riyadh,U83.1,Riyadh,80+,1
F,Qassim,A41.9,Qassim,30-39,3
M,Asir,G46.4,Assir,80+,6
M,Jazan,S09.9,Jazan,18-29,2
M,Eastern Region,S90.81,East,60-69,17
F,Hassa,U80.4,Riyadh,00-17,1
M,Asir,I24.9,Assir,70-79,1
M,Asir,D57.0,Asir,00-17,1
F,Qassim,J06.9,Qassim,70-79,3
M,Eastern Region,J18.9,East,00-17,17
F,Medinah,L03.8,Medina,00-17,6
F,Medinah,I64,Medinah,80+,3
M,Medinah,J18.9,Medina,80+,26
F,Medinah,N17.9,Medinah,70-79,1
M,Asir,S52.11,Assir,30-39,6
M,Jeddah,K76.9,Jeddah,40-49,19
M,Jeddah,I64,Makkah,00-17,1
M,Jeddah,J06.9,Makkah,60-69,4
M,Medinah,A78,Medina,00-17,7
F,Najran,R56.8,Najran,00-17,3
M,Medinah,A09.9,Medina,00-17,12
M,Qassim,R56.8,Qassim,40-49,2
M,Jeddah,R10.0,Makkah,80+,1
F,Jeddah,R42,Jeddah,80+,20
F,Jazan,D57.1,Jazan,00-17,2
M,Najran,J45.9,Assir,00-17,6
M,Riyadh,M36.2,Riyadh,30-39,35
F,Qassim,K80.30,Qassim,30-39,3
M,Jeddah,E10.11,Makkah,40-49,2
M,Riyadh,N39.0,Riyadh,00-17,30
M,Medinah,J96.09,Medina,00-17,6
M,Riyadh,R06.6,Riyadh,70-79,33
F,Riyadh,G21.8,Riyadh,60-69,3
M,Makkah,J18.0,Makkah,80+,6
F,Jeddah,I61.8,Makkah,60-69,1
F,Makkah,J18.0,Makkah,60-69,6
M,Asir,G40.60,Assir,00-17,18
M,Medinah,R56.0,Medina,00-17,12
M,Makkah,T47.9,Makkah,50-59,6
M,Riyadh,R10.0,Riyadh,60-69,30
M,Jeddah,V09.9,Jeddah,18-29,22
M,Riyadh,A77.8,Riyadh,30-39,31
F,Riyadh,B53.1,Riyadh,30-39,30
F,Makkah,E10.11,Makkah,18-29,6
M,Asir,J15.9,Assir,80+,14
M,Makkah,F05.9,Makkah,50-59,6
M,Jeddah,S06.03,Makkah,50-59,2
M,Asir,S72.9,Assir,80+,7
M,Asir,N20.9,Assir,40-49,7
M,Jeddah,P07.32,Makkah,00-17,2
M,Jeddah,D41.1,Makkah,00-17,1
F,Jeddah,S85.1,Jeddah,18-29,20
M,Asir,E11.11,Assir,80+,18
F,Riyadh,J94.0,Medina,00-17,6
F,Jeddah,J01.1,Makkah,30-39,1
F,Asir,J18.9,Assir,18-29,12
M,Jeddah,I24.9,Jeddah,70-79,156
M,Riyadh,A41.9,Riyadh,00-17,380
M,Qassim,I24.9,Qassim,30-39,6
M,Makkah,J18.9,Jeddah,00-17,20
F,Makkah,R57.2,Makkah,50-59,19
F,Asir,K59.1,Assir,80+,6
M,Jeddah,K76.7,Jeddah,70-79,20
F,Riyadh,D57.0,Riyadh,30-39,61
F,Jeddah,A41.9,Jeddah,80+,80
F,Jeddah,J47,Jeddah,40-49,23
F,Makkah,I51.9,Makkah,30-39,6
F,Jeddah,I69.4,Makkah,50-59,1
M,Makkah,J18.9,Makkah,80+,55
F,Riyadh,I51.9,Riyadh,60-69,67
F,Jazan,J18.9,Assir,80+,7
M,Najran,L89.34,Riyadh,50-59,31
F,Jeddah,G46.4,Jeddah,30-39,23
F,Riyadh,M43.19,Riyadh,60-69,31
F,Jeddah,R05,Makkah,70-79,6
M,Jeddah,I50.9,Jeddah,70-79,21
M,Medinah,E16.9,Jeddah,00-17,21
F,Jeddah,P22.9,Makkah,00-17,3
F,Makkah,I50.0,Makkah,70-79,6
M,Riyadh,J91,Riyadh,00-17,31
F,Jeddah,I64,Jeddah,60-69,189
M,Jeddah,R07.4,Jeddah,18-29,22
M,Riyadh,G95.9,Riyadh,18-29,3
M,Najran,J18.0,Najran,00-17,32
M,Riyadh,W84,Riyadh,70-79,32
M,Najran,A08.1,Najran,00-17,3
F,Medinah,Q56.41,Medinah,00-17,1
M,Jazan,G41.9,Jazan,80+,2
M,Medinah,J18.0,Medinah,18-29,1
M,Riyadh,Q21.10,Riyadh,30-39,31
M,Qassim,N18.5,Qassim,40-49,2
F,Jeddah,E87.1,Jeddah,70-79,1
M,Asir,E13.15,Assir,30-39,6
M,Taif,S62.21,Makkah,50-59,1
F,Qassim,E11.11,Qassim,18-29,2
M,Asir,K92.9,Assir,18-29,1
F,Riyadh,R07.1,Riyadh,50-59,1
F,Medinah,R56.8,Medinah,00-17,1
M,Jeddah,R17,Jeddah,40-49,18
M,Makkah,E11.11,Makkah,70-79,6
M,Jeddah,I51.9,Makkah,30-39,1
F,Riyadh,I63.0,Riyadh,60-69,29
M,Riyadh,R05,Riyadh,70-79,195
M,Riyadh,I50.0,Riyadh,60-69,31
M,Asir,M02.11,Assir,70-79,6
M,Medinah,J06.9,Medina,00-17,7
F,Medinah,K81.0,Medinah,80+,1
M,Riyadh,N21.9,Riyadh,00-17,31
M,Taif,S72.05,Makkah,60-69,1
M,Riyadh,G81.1,Riyadh,18-29,1
M,Medinah,L04.8,Medinah,00-17,1
F,Medinah,N39.9,Medinah,00-17,1
M,Jeddah,M07.04,Makkah,30-39,1
M,Riyadh,J12.0,Riyadh,50-59,30
F,Jeddah,Z50.8,Jeddah,00-17,2
M,Eastern Region,R10.0,Eastern Region,00-17,1
M,Qassim,J45.9,Qassim,50-59,2
M,Jeddah,M48.42,Makkah,18-29,1
F,Medinah,J15.9,Medina,70-79,6
M,Asir,I64,Assir,60-69,30
F,Jeddah,J18.0,Makkah,00-17,8
F,Northern Borders,I50.9,Riyadh,60-69,29
F,Jeddah,J47,Makkah,60-69,1
F,Taif,Z50.9,Jeddah,18-29,1
F,Asir,Q56.41,Assir,00-17,7
M,Riyadh,N17.8,Riyadh,70-79,32
M,Qassim,R06.6,Qassim,80+,2
F,Asir,M54.5,Assir,80+,7
M,Qurayyat,Z50.9,Riyadh,40-49,1
F,Hafer AlBatin,G61.0,Ihsaa,70-79,1
M,Medinah,R57.2,Medinah,70-79,1
M,Jeddah,U80.3,Jeddah,18-29,20
F,Riyadh,I72.0,Riyadh,40-49,30
F,Asir,M00.21,Assir,00-17,6
F,Asir,I24.9,Assir,50-59,1
M,Eastern Region,Q89.71,Eastern Region,00-17,1
F,Eastern Region,U88.2,East,00-17,18
M,Jeddah,J18.0,Jeddah,00-17,66
M,Riyadh,D18.02,Riyadh,40-49,32
M,Medinah,G41.8,Medinah,00-17,1
F,Qunfotha,V99,Makkah,00-17,1
F,Medinah,O09.5,Medina,30-39,6
M,Taif,S82.38,Makkah,00-17,1
F,Asir,S42.44,Assir,00-17,6
F,Qassim,V19.6,Qassim,30-39,2
M,Eastern Region,J18.9,East,60-69,17
F,Medinah,E13.16,Medina,00-17,1
F,Medinah,J18.0,Medinah,80+,1
M,Medinah,J22,Medina,00-17,6
M,Riyadh,U82.3,Riyadh,30-39,30
M,Jeddah,N17.9,Makkah,70-79,2
F,Medinah,O60.2,Medina,30-39,6
F,Riyadh,J96.01,Riyadh,50-59,34
F,Riyadh,I50.0,Riyadh,50-59,30
M,Riyadh,I24.9,Riyadh,80+,62
M,Tabuk,S02.61,Tabuk,00-17,1
F,Jeddah,O61.9,Makkah,30-39,1
M,Riyadh,S73.00,Riyadh,70-79,30
M,Medinah,J96.00,Medinah,60-69,1
M,Jeddah,S27.0,Makkah,18-29,2
M,Makkah,L03.19,Makkah,18-29,1
M,Jazan,E13.43,Jazan,70-79,2
M,Asir,K76.9,Asir,00-17,1
M,Qassim,U80.4,Qassim,18-29,2
M,Qassim,E87.1,Qassim,80+,2
F,Najran,M60.08,Najran,00-17,3
M,Eastern Region,E11.73,East,50-59,18
F,Riyadh,S73.00,Riyadh,60-69,30
M,Tabuk,S52.11,Medinah,18-29,1
M,Qunfotha,S42.21,Makkah,18-29,6
M,Medinah,U84.1,Medina,00-17,6
M,Jeddah,I46.9,Jeddah,50-59,22
M,Medinah,A41.8,Medina,70-79,6
F,Medinah,Q56.41,Medina,00-17,6
F,Makkah,P07.32,Makkah,00-17,6
F,Jeddah,U80.3,Makkah,30-39,1
F,Riyadh,F44.5,Riyadh,00-17,31
M,Riyadh,R52.9,Riyadh,40-49,30
M,Riyadh,P59.9,Riyadh,30-39,31
F,Jeddah,G93.9,Makkah,40-49,1
F,Eastern Region,J18.9,Eastern Region,30-39,1
M,Najran,A09.9,Najran,00-17,3
M,Riyadh,G80.9,Riyadh,18-29,30
F,Asir,K92.9,Assir,80+,7
F,Makkah,O00.0,Makkah,30-39,12
F,Qassim,J45.9,Qassim,60-69,5
M,Makkah,R05,Makkah,30-39,6
F,Medinah,R10.4,Medina,00-17,6
F,Riyadh,R05,Riyadh,40-49,221
F,Qunfotha,O00.0,Makkah,18-29,7
F,Asir,J06.9,Assir,00-17,12
M,Jeddah,I64,Makkah,70-79,11
F,Jeddah,I50.0,Jeddah,50-59,7
M,Jeddah,M72.60,Makkah,50-59,1
F,Asir,P07.32,Assir,00-17,76
M,Medinah,N17.0,Medina,70-79,6
F,Jeddah,N17.2,Makkah,18-29,1
M,Jouf,E11.11,Riyadh,50-59,31
F,Makkah,I24.9,Makkah,70-79,18
M,Medinah,G70.0,Medina,50-59,6
M,Jeddah,G93.1,Jeddah,18-29,20
M,Bisha,M48.42,Jeddah,70-79,21
F,Makkah,I51.9,Makkah,80+,6
M,Jeddah,T51.1,Makkah,30-39,1
M,Jeddah,S06.03,Makkah,70-79,2
F,Tabuk,N18.9,Tabuk,60-69,1
F,Riyadh,R11,Riyadh,70-79,30
M,Jouf,M86.16,Riyadh,40-49,31
M,Tabuk,U80.4,Medina,18-29,7
F,Jeddah,R07.1,Jeddah,50-59,22
F,Jeddah,U82.3,Makkah,70-79,3
M,Riyadh,J12.0,Riyadh,70-79,32
F,Riyadh,J45.8,Riyadh,70-79,32
M,Jeddah,V09.9,Makkah,00-17,1
M,Jeddah,V99,Makkah,80+,7
M,Medinah,J21.0,Medina,00-17,6
F,Jeddah,S72.9,Makkah,70-79,1
M,Jeddah,K92.9,Jeddah,00-17,41
F,Jeddah,E13.15,Makkah,18-29,1
F,Jeddah,Z93.0,Jeddah,80+,22
M,Asir,V99,Assir,00-17,46
F,Jeddah,V99,Jeddah,00-17,21
M,Riyadh,I24.9,Riyadh,40-49,121
M,Qassim,I82.8,Qassim,70-79,3
F,Medinah,J18.9,Medina,60-69,39
F,Qassim,I50.9,Qassim,70-79,4
F,Makkah,E11.11,Makkah,00-17,12
F,Medinah,S06.03,Medina,18-29,6
M,Jeddah,A41.9,Makkah,30-39,1
F,Riyadh,S06.03,Riyadh,30-39,31
M,Jeddah,J18.9,Makkah,50-59,1
M,Jeddah,I50.9,Jeddah,60-69,65
M,Jeddah,A41.9,Makkah,40-49,2
F,Asir,A01.4,Assir,50-59,6
F,Makkah,E87.1,Makkah,50-59,6
F,Riyadh,K86.1,Riyadh,40-49,64
F,Makkah,E10.13,Makkah,18-29,6
F,Jeddah,E10.11,Jeddah,60-69,24
F,Jeddah,E16.2,Jeddah,50-59,20
M,Medinah,E13.11,Medina,50-59,6
M,Riyadh,J45.9,Riyadh,18-29,62
M,Jeddah,S06.05,Jeddah,50-59,22
F,Eastern Region,P07.31,East,00-17,18
M,Qassim,I51.9,Qassim,60-69,5
F,Qassim,J80,Qassim,70-79,3
F,Riyadh,E10.11,Riyadh,18-29,61
M,Riyadh,I26.9,Riyadh,80+,31
F,Makkah,R57.2,Makkah,70-79,12
M,Asir,R57.2,Assir,30-39,7
F,Riyadh,N11.0,Riyadh,00-17,30
F,Jeddah,K76.9,Jeddah,60-69,23
M,Bisha,I50.9,Jeddah,60-69,20
M,Jeddah,G00.9,Makkah,18-29,1
M,Jeddah,U82.3,Makkah,40-49,2
M,Makkah,G93.4,Makkah,60-69,8
F,Jeddah,E16.2,Makkah,18-29,1
M,Jeddah,G91.9,Makkah,30-39,1
F,Medinah,A41.9,Medina,70-79,7
M,Asir,U80.3,Assir,80+,6
M,Riyadh,S72.01,Riyadh,70-79,31
F,Asir,O42.9,Assir,30-39,6
M,Jeddah,R56.0,Makkah,00-17,1
M,Jazan,J46,Jazan,00-17,2
F,Medinah,N18.9,Medinah,80+,1
M,Medinah,J20.9,Medinah,00-17,16
F,Medinah,I64,Medina,40-49,6
M,Najran,R17,Najran,00-17,3
M,Asir,T21.05,Assir,00-17,7
F,Jazan,E11.11,Jazan,00-17,2
M,Asir,I69.4,Asir,80+,1
M,Jeddah,T87.6,Makkah,50-59,1
F,Riyadh,M96.6,Riyadh,50-59,31
M,Outside-KSA,G37.3,Riyadh,00-17,1
M,Asir,K85.9,Assir,50-59,6
M,Jeddah,I48.9,Jeddah,60-69,19
F,Medinah,D57.1,Medinah,30-39,1
F,Makkah,S72.9,Jeddah,80+,22
F,Jeddah,O60.0,Jeddah,18-29,19
F,Riyadh,A39.0,Riyadh,50-59,1
F,Qassim,I10,Qassim,50-59,3
F,Eastern Region,A78,East,30-39,18
F,Makkah,A23.2,Makkah,60-69,6
M,Riyadh,G71.3,Riyadh,18-29,1
F,Jeddah,I10,Jeddah,30-39,21
F,Jeddah,I25.11,Makkah,50-59,1
F,Riyadh,E14.11,Riyadh,00-17,32
F,Jeddah,I61.1,Makkah,70-79,1
M,Medinah,I50.9,Medinah,60-69,1
F,Jeddah,I24.9,Jeddah,40-49,85
M,Najran,P94.2,Najran,00-17,2
F,Jazan,N18.9,Jazan,60-69,4
M,Jazan,N18.9,Jazan,70-79,2
F,Asir,I10,Assir,80+,1
M,Medinah,N17.0,Medinah,70-79,1
M,Riyadh,D69.6,Riyadh,50-59,31
M,Riyadh,S82.21,Riyadh,18-29,31
M,Riyadh,S28.0,Riyadh,60-69,30
M,Jeddah,J18.0,Jeddah,70-79,18
M,Jeddah,I69.4,Jeddah,80+,20
F,Jeddah,R65.1,Jeddah,80+,45
M,Jeddah,G40.60,Jeddah,30-39,21
M,Jeddah,U82.3,Jeddah,30-39,1
M,Riyadh,W13.9,Riyadh,18-29,1
M,Asir,J93.8,Assir,30-39,7
M,Jeddah,N17.9,Makkah,60-69,2
M,Riyadh,B94.1,East,50-59,17
F,Asir,O14.1,Assir,30-39,6
M,Jeddah,E87.1,Makkah,50-59,1
F,Asir,R57.2,Assir,50-59,1
F,Jeddah,I50.9,Makkah,60-69,1
M,Medinah,I64,Medina,70-79,6
F,Asir,A87.1,Assir,18-29,7
M,Jeddah,G40.60,Makkah,40-49,1
M,Riyadh,G40.60,Riyadh,30-39,30
M,Najran,A77.8,Najran,00-17,3
F,Asir,I51.9,Assir,40-49,1
F,Medinah,I26.9,Medinah,60-69,1
F,Asir,T21.09,Assir,00-17,6
F,Riyadh,J96.09,Riyadh,70-79,1
M,Jeddah,I10,Jeddah,60-69,43
M,Asir,S43.1,Assir,18-29,6
F,Asir,E11.11,Asir,60-69,1
M,Jeddah,E16.2,Jeddah,40-49,1
M,Jeddah,K62.5,Makkah,60-69,1
M,Eastern Region,A41.9,East,70-79,17
F,Riyadh,S72.9,Riyadh,30-39,30
M,Qassim,R05,Qassim,40-49,2
M,Riyadh,V99,Medinah,80+,1
M,Riyadh,R55,Riyadh,80+,1
M,Jeddah,J06.9,Jeddah,50-59,1
M,Hail,J81,Hail,60-69,1
M,Medinah,U84.1,Medinah,00-17,1
F,Medinah,O41.0,Medina,30-39,6
F,Hafer AlBatin,P71.1,Riyadh,00-17,32
M,Medinah,K92.9,Medina,18-29,7
F,Jeddah,O44.0,Jeddah,30-39,21
F,Jeddah,I64,Makkah,40-49,3
F,Jeddah,I50.9,Jeddah,50-59,1
F,Jeddah,J18.9,Makkah,18-29,2
M,Makkah,V99,Makkah,50-59,6
F,Asir,G12.1,Assir,00-17,13
M,Riyadh,A41.9,Riyadh,80+,130
M,Jeddah,I69.0,Jeddah,60-69,2
F,Jeddah,O44.0,Makkah,30-39,1
F,Riyadh,I21.9,Riyadh,60-69,32
M,Jeddah,N13.3,Jeddah,00-17,39
F,Riyadh,O09.9,Riyadh,30-39,34
F,Riyadh,I05.2,Riyadh,80+,62
M,Jeddah,K92.9,Makkah,60-69,1
F,Jeddah,R55,Jeddah,40-49,21
M,Asir,E11.11,Assir,00-17,6
M,Makkah,I05.0,Makkah,70-79,1
F,Medinah,E20.9,Medinah,30-39,1
M,Asir,K76.9,Assir,00-17,13
F,Medinah,P01.1,Medina,40-49,12
F,Riyadh,J18.0,Riyadh,50-59,32
F,Medinah,O00.0,Medinah,40-49,4
M,Tabuk,Z50.9,Riyadh,00-17,9
F,Riyadh,R19.3,Riyadh,80+,31
F,Jeddah,S01.82,Makkah,50-59,1
M,Asir,Z50.9,Riyadh,00-17,1
M,Asir,N18.5,Assir,70-79,6
F,Asir,P59.2,Assir,00-17,6
F,Medinah,P07.32,Medina,18-29,13
M,Riyadh,G23.9,Riyadh,50-59,31
F,Qassim,T82.82,Qassim,60-69,2
M,Asir,R10.0,Asir,00-17,1
M,Riyadh,M54.5,Riyadh,50-59,1
M,Asir,U82.3,Assir,60-69,6
M,Asir,K28.5,Assir,80+,7
M,Medinah,N17.9,Medinah,18-29,1
F,Asir,P22.0,Asir,00-17,1
M,Asir,J44.1,Assir,00-17,6
F,Qassim,Z50.8,Riyadh,00-17,3
M,Asir,S72.9,Assir,00-17,12
F,Riyadh,R85.9,Riyadh,80+,30
M,Jazan,E11.11,Jazan,40-49,2
F,Jeddah,J96.99,Jeddah,70-79,22
M,Medinah,R22.1,Medina,00-17,6
F,Jeddah,Z50.8,Jeddah,80+,1
M,Riyadh,I61.0,Riyadh,80+,1
F,Najran,K29.1,Najran,00-17,3
F,Asir,N25.1,Assir,00-17,1
M,Medinah,I64,Medinah,40-49,1
M,Najran,V99,Riyadh,18-29,30
M,Riyadh,B54,Riyadh,18-29,39
F,Najran,J15.9,Najran,00-17,6
F,Riyadh,P07.31,Riyadh,18-29,30
M,Asir,J96.00,Assir,00-17,6
M,Asir,V99,Assir,40-49,18
M,Jeddah,R10.0,Makkah,00-17,1
M,Jazan,K92.9,Jazan,80+,2
M,Asir,J21.9,Asir,00-17,4
M,Riyadh,I64,Riyadh,30-39,31
M,Jeddah,J96.19,Makkah,30-39,1
F,Riyadh,I44.7,Riyadh,70-79,30
F,Asir,S06.03,Assir,70-79,6
F,Eastern Region,A40.8,East,00-17,17
M,Medinah,R25.2,Medinah,00-17,1
M,Eastern Region,U82.3,East,60-69,7
F,Medinah,K92.9,Medina,80+,15
M,Medinah,E13.15,Medina,30-39,7
M,Riyadh,E10.15,Riyadh,00-17,1
M,Jeddah,A09.9,Jeddah,18-29,1
M,Riyadh,I69.4,Riyadh,60-69,1
M,Eastern Region,G40.61,East,30-39,7
M,Asir,Q04.00,Assir,00-17,7
M,Taif,S72.05,Taef,60-69,2
M,Tabuk,S42.21,Medina,60-69,6
M,Jeddah,J81,Jeddah,50-59,20
M,Asir,J18.8,Assir,40-49,1
M,Jeddah,I62.9,Makkah,60-69,1
M,Makkah,S72.05,Makkah,80+,6
F,Riyadh,R52.2,Riyadh,40-49,30
M,Riyadh,R35,Riyadh,00-17,31
F,Qassim,E87.1,Qassim,80+,3
F,Northern Borders,S72.05,Hail,50-59,2
F,Qassim,I46.9,Qassim,80+,2
M,Asir,T21.00,Assir,50-59,6
M,Qassim,G40.70,Qassim,18-29,2
F,Medinah,P07.32,Medinah,40-49,1
F,Medinah,G40.60,Medinah,60-69,1
M,Jazan,R05,Jeddah,30-39,1
F,Jeddah,D57.1,Makkah,40-49,1
M,Asir,D57.1,Assir,30-39,12
M,Asir,A20.7,Assir,70-79,5
F,Riyadh,N17.9,Riyadh,60-69,1
F,Baha,J18.9,Asir,50-59,1
F,Makkah,K92.9,Makkah,18-29,6
F,Asir,M48.42,Assir,70-79,7
F,Makkah,U80.3,Makkah,50-59,6
F,Medinah,O62.3,Medina,30-39,7
M,Najran,P91.21,Riyadh,00-17,2
F,Riyadh,I61.9,Riyadh,60-69,1
F,Makkah,F20.8,Makkah,18-29,6
M,Eastern Region,K76.9,East,50-59,17
M,Qassim,J44.9,Qassim,80+,3
M,Eastern Region,Z50.9,East,30-39,1
F,Eastern Region,S42.21,East,60-69,18
M,Makkah,E27.9,Makkah,30-39,6
F,Baha,S67.0,Jeddah,60-69,20
M,Jeddah,T21.00,Jeddah,40-49,24
M,Hassa,Z50.8,East,00-17,1
M,Medinah,K92.9,Medinah,18-29,1
M,Asir,W01.2,Assir,80+,6
M,Qassim,R06.6,Qassim,00-17,2
F,Asir,M00.86,Assir,60-69,1
M,Asir,R05,Northern Borders,00-17,1
M,Jeddah,S73.00,Makkah,60-69,1
M,Najran,A40.8,Najran,00-17,3
F,Jeddah,O14.9,Jeddah,30-39,20
M,Asir,Q81.0,Assir,00-17,6
F,Asir,J45.9,Assir,40-49,7
M,Jazan,J18.9,Jazan,18-29,2
M,Jazan,I44.1,Jazan,00-17,2
F,Medinah,E74.9,Medina,00-17,6
F,Jeddah,O44.1,Jeddah,30-39,20
F,Medinah,J18.0,Medinah,00-17,6
F,Eastern Region,M00.87,East,50-59,1
M,Medinah,I10,Medina,80+,6
M,Asir,R10.0,Assir,00-17,37
M,Asir,R11,Assir,00-17,12
M,Taif,I64,Jeddah,30-39,19
M,Jeddah,R07.4,Jeddah,30-39,23
F,Jeddah,R10.0,Makkah,30-39,1
M,Jeddah,A78,Jeddah,00-17,21
F,Jazan,I64,Makkah,60-69,1
M,Jeddah,E13.11,Jeddah,18-29,40
M,Riyadh,A22.7,Riyadh,80+,32
M,Jeddah,I26.9,Jeddah,50-59,42
F,Riyadh,D57.0,Riyadh,18-29,31
F,Qassim,E10.11,Qassim,18-29,9
F,Jeddah,A41.9,Jeddah,50-59,59
M,Jouf,P28.2,Riyadh,00-17,31
M,Riyadh,G04.2,Riyadh,30-39,37
M,Jouf,J18.9,Riyadh,00-17,123
F,Asir,A41.9,Assir,80+,24
F,Qassim,R57.2,Qassim,80+,14
F,Jeddah,O47.9,Makkah,18-29,1
M,Riyadh,I50.1,Riyadh,70-79,31
F,Asir,S66.3,Assir,00-17,6
F,Jeddah,O00.0,Makkah,00-17,10
F,Jeddah,N17.9,Jeddah,18-29,20
F,Jeddah,G40.91,Jeddah,40-49,20
M,Asir,K85.9,Assir,40-49,6
M,Riyadh,J96.09,Riyadh,00-17,63
M,Medinah,L04.8,Medina,00-17,6
M,Jeddah,J96.10,Makkah,00-17,1
M,Jeddah,E14.11,Makkah,40-49,1
F,Riyadh,S72.08,Riyadh,18-29,33
M,Riyadh,K35.8,Riyadh,18-29,62
F,Jeddah,J18.0,Jeddah,80+,44
M,Makkah,J18.0,Makkah,70-79,1
M,Hassa,S72.41,Riyadh,30-39,10
F,Asir,I23.1,Assir,00-17,6
M,Qassim,E11.11,Qassim,80+,10
M,Riyadh,I48.9,Riyadh,80+,32
M,Riyadh,F19.0,Riyadh,00-17,3
M,Jeddah,A41.9,Jeddah,00-17,87
F,Jeddah,J96.01,Jeddah,50-59,22
F,Asir,E10.11,Assir,00-17,19
F,Riyadh,R07.1,Riyadh,30-39,32
F,Riyadh,N18.9,Riyadh,70-79,32
M,Riyadh,I26.9,Riyadh,70-79,32
F,Jeddah,N17.9,Makkah,18-29,1
F,Qassim,R65.1,Qassim,70-79,2
F,Jeddah,S72.05,Jeddah,00-17,19
F,Jeddah,P22.8,Jeddah,30-39,21
M,Makkah,J18.9,Makkah,70-79,25
M,Jeddah,E14.15,Makkah,50-59,1
M,Jeddah,J96.01,Jeddah,60-69,3
M,Riyadh,L03.9,Riyadh,00-17,32
M,Riyadh,U88.1,Riyadh,00-17,33
F,Medinah,M43.24,Medina,60-69,6
M,Riyadh,G40.60,Riyadh,60-69,30
F,Jeddah,Z93.0,Jeddah,00-17,41
F,Makkah,K92.2,Makkah,70-79,6
F,Medinah,J15.9,Medina,80+,12
M,Jeddah,I24.9,Makkah,50-59,16
M,Riyadh,J18.0,Riyadh,00-17,458
F,Riyadh,J15.9,Riyadh,80+,100
F,Najran,S72.00,Assir,80+,7
M,Medinah,J44.9,Medina,80+,12
M,Jeddah,P22.0,Jeddah,00-17,184
M,Riyadh,D57.3,Riyadh,00-17,32
F,Makkah,K92.9,Makkah,50-59,6
F,Riyadh,K90.0,Riyadh,00-17,31
M,Riyadh,A78,Riyadh,00-17,123
M,Riyadh,J45.9,Riyadh,40-49,94
M,Medinah,J18.0,Medina,00-17,153
F,Jeddah,A41.9,Makkah,00-17,10
F,Medinah,A83.4,Medina,40-49,7
F,Jeddah,O42.9,Makkah,30-39,7
M,Jeddah,I48.9,Makkah,50-59,1
F,Jeddah,J96.09,Jeddah,50-59,64
M,Asir,E11.11,Assir,70-79,23
M,Jeddah,R57.2,Makkah,50-59,1
M,Asir,K85.1,Assir,40-49,1
F,Jeddah,G40.60,Makkah,18-29,1
M,Asir,M05.07,Assir,40-49,7
F,Jeddah,U82.3,Makkah,18-29,1
M,Eastern Region,M71.56,East,60-69,18
F,Makkah,U82.2,Makkah,80+,1
F,Asir,D57.1,Assir,00-17,7
M,Riyadh,R00.1,Riyadh,70-79,32
M,Riyadh,E87.1,Riyadh,50-59,1
M,Riyadh,S67.0,Riyadh,18-29,32
F,Makkah,A09.9,Makkah,00-17,18
M,Jeddah,R13,Jeddah,50-59,24
M,Medinah,P07.32,Medina,00-17,6
F,Medinah,A83.4,Medinah,40-49,1
F,Makkah,K31.9,Makkah,00-17,6
F,Riyadh,Q24.83,Riyadh,00-17,30
F,Medinah,R56.8,Medina,00-17,12
F,Eastern Region,P07.32,East,00-17,18
F,Jeddah,O44.1,Makkah,30-39,1
F,Asir,R05,Assir,40-49,6
F,Asir,J90,Assir,80+,19
M,Medinah,E10.11,Medina,30-39,7
F,Jeddah,N11.1,Jeddah,70-79,20
M,Riyadh,R17,Riyadh,00-17,33
M,Riyadh,Z51.9,Riyadh,30-39,3
M,Asir,Z23.7,Assir,00-17,12
M,Riyadh,Y83.32,Riyadh,40-49,3
M,Medinah,I24.9,Medina,70-79,7
M,Makkah,W01.0,Makkah,50-59,6
M,Qassim,R10.0,Qassim,30-39,3
F,Riyadh,R52.9,Riyadh,70-79,1
M,Riyadh,M86.16,Riyadh,40-49,31
M,Jeddah,K76.9,Jeddah,50-59,19
M,Medinah,I64,Medinah,80+,2
F,Jeddah,R07.4,Makkah,18-29,1
F,Jeddah,G35,Jeddah,60-69,2
M,Jazan,J18.8,Jazan,70-79,2
M,Asir,S82.21,Assir,30-39,6
F,Medinah,I64,Medina,60-69,7
F,Eastern Region,S42.21,Eastern Region,50-59,1
M,Qassim,K65.0,Qassim,40-49,3
M,Qassim,E10.12,Qassim,18-29,2
M,Najran,R05,Najran,70-79,3
M,Makkah,R07.3,Makkah,80+,6
M,Riyadh,N17.0,Northern Borders,30-39,1
F,Riyadh,R57.2,Riyadh,00-17,31
F,Jeddah,G40.60,Makkah,00-17,1
M,Eastern Region,Q89.71,East,00-17,7
M,Qassim,J47,Qassim,18-29,2
F,Asir,E16.2,Asir,00-17,1
F,Riyadh,U80.3,Riyadh,80+,1
F,Taif,K92.9,Jeddah,70-79,20
F,Qassim,J81,Qassim,70-79,3
M,Jeddah,G91.9,Makkah,00-17,1
F,Jeddah,I51.9,Jeddah,60-69,59
F,Jeddah,N25.9,Makkah,40-49,1
M,Jeddah,J18.9,Makkah,40-49,4
M,Jeddah,K92.9,Makkah,70-79,1
M,Jeddah,D69.6,Makkah,60-69,1
M,Riyadh,E87.0,Riyadh,60-69,31
F,Jeddah,D57.0,Jeddah,18-29,1
F,Medinah,J96.00,Medina,80+,1
F,Asir,P26.0,Assir,00-17,1
M,Riyadh,J06.9,Northern Borders,00-17,1
M,Najran,M02.17,Riyadh,30-39,31
F,Qassim,T78.2,Qassim,30-39,2
M,Asir,J18.9,Assir,70-79,24
M,Asir,R57.2,Assir,60-69,12
M,Riyadh,U80.3,Riyadh,40-49,38
M,Jeddah,S72.9,Makkah,40-49,1
M,Makkah,S72.9,Jeddah,40-49,22
F,Jeddah,E13.11,Jeddah,70-79,22
M,Makkah,V99,Jeddah,40-49,21
M,Asir,Z50.9,Jeddah,00-17,1
M,Medinah,I10,Medinah,80+,1
M,Riyadh,I51.9,Riyadh,80+,32
M,Riyadh,R07.4,Riyadh,80+,38
F,Riyadh,J21.9,Riyadh,00-17,534
F,Jeddah,J06.9,Jeddah,00-17,21
M,Makkah,R05,Makkah,60-69,18
M,Makkah,I64,Makkah,70-79,32
F,Medinah,I64,Medina,30-39,12
F,Qassim,I64,Qassim,80+,2
M,Riyadh,I64,Tabuk,80+,1
M,Qassim,R52.9,Qassim,80+,3
F,Qassim,J39.9,Qassim,00-17,3
M,Asir,I64,Assir,18-29,12
M,Medinah,I67.4,Medina,80+,6
M,Riyadh,J95.04,Riyadh,18-29,32
F,Eastern Region,Q25.44,East,00-17,17
F,Riyadh,I21.9,Riyadh,50-59,31
F,Qassim,K57.21,Qassim,80+,3
M,Jeddah,S62.63,Jeddah,70-79,21
M,Qassim,I24.9,Qassim,70-79,6
F,Riyadh,S72.2,Riyadh,80+,32
F,Jeddah,J96.01,Jeddah,80+,25
M,Jeddah,O42.9,Jeddah,00-17,59
F,Riyadh,G40.60,Riyadh,00-17,34
M,Jouf,N17.0,Riyadh,00-17,30
M,Medinah,I62.0,Medina,60-69,12
M,Najran,I27.2,Assir,00-17,6
M,Makkah,S52.11,Makkah,30-39,6
F,Jeddah,R57.2,Jeddah,80+,84
M,Jeddah,R05,Makkah,50-59,10
M,Jeddah,I70.1,Makkah,40-49,2
M,Qassim,G91.0,Qassim,00-17,4
M,Medinah,A41.9,Medina,50-59,12
M,Bisha,V99,Assir,18-29,6
M,Qassim,R57.2,Qassim,70-79,6
F,Asir,M45.09,Assir,40-49,7
F,Medinah,R57.2,Medina,80+,12
F,Riyadh,A78,Riyadh,70-79,29
F,Qassim,R57.2,Qassim,60-69,10
F,Makkah,A63.01,Makkah,60-69,6
F,Jeddah,J91,Jeddah,40-49,23
M,Eastern Region,R69,Riyadh,40-49,30
M,Jeddah,J96.09,Makkah,40-49,2
F,Tabuk,V99,Medina,18-29,7
M,Riyadh,I64,Riyadh,18-29,98
F,Jeddah,I20.0,Jeddah,40-49,19
F,Medinah,P08.2,Medina,18-29,7
M,Jeddah,Q18.4,Makkah,00-17,1
M,Riyadh,I50.9,Riyadh,80+,31
M,Riyadh,G93.1,Riyadh,40-49,34
M,Makkah,N17.9,Makkah,50-59,12
F,Jeddah,S06.02,Makkah,40-49,1
M,Asir,S63.10,Assir,00-17,30
F,Medinah,R63.3,Medina,00-17,5
M,Jeddah,J81,Makkah,30-39,2
M,Jeddah,E14.11,Jeddah,70-79,20
F,Riyadh,V99,Riyadh,30-39,32
F,Riyadh,N21.9,Riyadh,18-29,30
M,Qassim,J96.01,Qassim,70-79,2
F,Jeddah,P22.0,Makkah,00-17,12
F,Northern Borders,I50.0,Riyadh,60-69,31
F,Jeddah,E11.11,Jeddah,80+,113
F,Outside-KSA,G93.5,Jeddah,30-39,22
F,Jeddah,I50.0,Makkah,50-59,1
M,Jeddah,M72.60,Jeddah,50-59,20
M,Jeddah,E11.73,Jeddah,70-79,21
F,Riyadh,N18.9,Riyadh,40-49,30
F,Jeddah,P05.9,Makkah,18-29,1
M,Taif,P59.9,Jeddah,00-17,20
M,Medinah,U82.3,Medina,50-59,7
F,Asir,R17,Assir,30-39,13
F,Najran,A77.8,Najran,00-17,5
F,Jeddah,E13.15,Jeddah,30-39,19
F,Tabuk,V99,Tabuk,50-59,1
F,Riyadh,E11.65,Riyadh,80+,160
M,Medinah,O66.3,Medina,30-39,6
M,Makkah,N13.0,Jeddah,00-17,42
M,Medinah,N17.9,Medina,70-79,6
M,Jeddah,K92.9,Makkah,50-59,3
M,Najran,R51,Najran,00-17,3
F,Qunfotha,S73.00,Makkah,60-69,6
M,Asir,S52.9,Assir,00-17,6
M,Jeddah,S06.02,Jeddah,30-39,24
F,Medinah,I82.8,Medina,70-79,6
M,Riyadh,S82.0,Riyadh,18-29,30
M,Jazan,I69.4,Jazan,30-39,2
M,Riyadh,Z50.8,Riyadh,40-49,6
M,Riyadh,A60.1,Riyadh,30-39,32
M,Qassim,J47,Northern Borders,18-29,1
F,Jeddah,E14.11,Makkah,50-59,1
M,Jeddah,G40.60,Makkah,30-39,1
M,Jeddah,G82.51,Jeddah,40-49,2
F,Jeddah,G23.8,Jeddah,80+,20
M,Qassim,G00.9,Qassim,18-29,2
F,Baha,M05.84,Jeddah,40-49,21
F,Makkah,J18.9,Makkah,00-17,30
M,Jeddah,I44.1,Makkah,60-69,1
F,Outside-KSA,C65,Medina,60-69,7
F,Makkah,Z50.9,Riyadh,00-17,1
F,Jeddah,J96.01,Jeddah,00-17,20
M,Riyadh,X10.1,Riyadh,30-39,33
M,Asir,M00.86,Assir,60-69,1
F,Riyadh,U80.4,Riyadh,18-29,1
M,Asir,P59.9,Assir,30-39,12
F,Jeddah,O42.9,Makkah,18-29,3
F,Qassim,E05.8,Qassim,30-39,2
M,Medinah,K70.1,Medina,30-39,6
M,Medinah,N17.9,Medinah,80+,1
F,Jeddah,J45.9,Makkah,60-69,1
M,Riyadh,S02.3,Riyadh,50-59,31
F,Makkah,S42.23,Makkah,50-59,6
F,Riyadh,E06.5,Riyadh,50-59,3
F,Makkah,R05,Makkah,40-49,6
F,Asir,K92.2,Assir,80+,9
F,Taif,H43.8,Jeddah,50-59,22
M,Jeddah,G41.9,Jeddah,40-49,24
F,Medinah,E14.11,Medina,80+,6
F,Jeddah,I98.2,Makkah,70-79,1
M,Jeddah,Z50.9,Jeddah,00-17,3
M,Riyadh,I69.4,Riyadh,80+,3
M,Riyadh,G30.1,Riyadh,80+,31
F,Asir,A37.0,Assir,00-17,24
M,Jazan,T21.04,Jazan,00-17,2
M,Qassim,J44.1,Qassim,80+,2
F,Taif,J96.19,Riyadh,40-49,34
M,Jeddah,D57.1,Jeddah,00-17,20
M,Riyadh,G80.9,Riyadh,00-17,33
M,Makkah,E13.11,Makkah,18-29,6
M,Medinah,K04.7,Medina,50-59,6
M,Jazan,U82.3,Jazan,30-39,2
M,Qassim,K92.2,Qassim,40-49,3
M,Riyadh,V99,Riyadh,70-79,30
F,Medinah,J96.09,Medina,70-79,7
M,Riyadh,N21.9,Riyadh,50-59,31
M,Riyadh,D57.8,Riyadh,18-29,30
M,Jazan,P59.9,Assir,18-29,6
M,Riyadh,S72.05,Riyadh,80+,31
M,Jazan,U80.3,Jazan,00-17,2
F,Taif,Q91.7,Taef,00-17,2
M,Jeddah,I21.9,Jeddah,50-59,104
M,Makkah,R57.2,Makkah,50-59,18
F,Makkah,K58.0,Makkah,70-79,6
F,Asir,A48.0,Northern Borders,80+,1
F,Jazan,L89.90,Jazan,80+,2
M,Jeddah,S06.8,Jeddah,70-79,2
F,Asir,G41.9,Assir,00-17,13
M,Jeddah,I26.9,Jeddah,60-69,24
F,Riyadh,Z93.0,Riyadh,50-59,32
M,Bisha,Z50.9,Jeddah,00-17,2
F,Makkah,E10.11,Makkah,00-17,6
M,Jeddah,T87.6,Jeddah,50-59,22
M,Asir,S82.21,Assir,00-17,6
M,Baha,S06.03,Jeddah,70-79,21
M,Qassim,R60.9,Qassim,60-69,2
M,Riyadh,T67.0,Riyadh,40-49,1
M,Tabuk,V99,Medinah,18-29,1
M,Qassim,F19.9,Qassim,50-59,1
F,Jeddah,S06.03,Makkah,60-69,2
F,Jazan,G40.60,Jazan,00-17,2
F,Jazan,U80.3,Jazan,30-39,2
M,Riyadh,E10.53,Riyadh,70-79,3
M,Eastern Region,R10.0,East,60-69,18
F,Najran,T21.02,Assir,00-17,6
F,Jeddah,N17.9,Makkah,40-49,2
M,Asir,Q21.14,Assir,60-69,6
M,Jeddah,K92.2,Makkah,70-79,1
M,Riyadh,I86.1,Riyadh,30-39,35
F,Qassim,K80.10,Qassim,50-59,2
F,Medinah,G93.4,Medina,60-69,6
M,Najran,A78,Najran,00-17,9
M,Riyadh,S72.9,Riyadh,30-39,32
M,Makkah,L04.9,Makkah,00-17,6
M,Najran,Z50.8,Jeddah,00-17,1
F,Medinah,E14.11,Medinah,60-69,1
M,Qassim,A78,Qassim,00-17,2
F,Asir,P22.8,Assir,30-39,7
F,Riyadh,S83.10,Riyadh,50-59,30
M,Medinah,G41.9,Medina,30-39,1
M,Riyadh,E51.2,Riyadh,40-49,1
M,Qassim,M48.42,Qassim,50-59,4
M,Jeddah,R10.0,Jeddah,00-17,21
F,Asir,S02.4,Assir,18-29,6
M,Medinah,J18.0,Medina,50-59,6
F,Medinah,R05,Medina,40-49,12
F,Riyadh,F05.1,Riyadh,80+,3
F,Asir,R57.2,Assir,70-79,7
F,Asir,S72.9,Assir,80+,13
F,Qassim,J22,Qassim,40-49,3
F,Riyadh,R57.2,Riyadh,50-59,33
M,Najran,U82.3,Najran,50-59,2
F,Jazan,S82.81,Jazan,60-69,2
F,Asir,J15.9,Assir,00-17,13
M,Najran,P94.2,Assir,00-17,6
F,Najran,S06.03,Najran,00-17,3
F,Jazan,U82.3,Jazan,70-79,2
M,Jeddah,M48.42,Jeddah,18-29,25
F,Asir,K82.8,Assir,30-39,6
F,Riyadh,A19.8,Riyadh,30-39,1
M,Najran,Z50.9,Riyadh,18-29,3
M,Riyadh,Z50.9,Riyadh,60-69,27
M,Asir,F04.00,Assir,30-39,7
F,Riyadh,S73.00,Riyadh,50-59,30
F,Qassim,J06.9,Qassim,00-17,5
M,Jeddah,A41.8,Jeddah,70-79,20
M,Jeddah,J18.0,Jeddah,18-29,1
F,Asir,P39.9,Asir,18-29,1
F,Qassim,J45.9,Qassim,80+,3
F,Medinah,R11,Medina,00-17,42
F,Makkah,I64,Makkah,60-69,24
M,Qassim,R05,Qassim,80+,12
M,Asir,J45.9,Assir,00-17,80
M,Jeddah,D57.1,Makkah,18-29,1
F,Jeddah,A78,Jeddah,00-17,43
M,Asir,R05,Assir,30-39,6
F,Medinah,R05,Medina,80+,12
F,Qassim,R05,Qassim,18-29,2
M,Riyadh,R65.1,Riyadh,70-79,68
F,Medinah,J81,Medina,60-69,7
M,Jazan,I51.9,Jazan,70-79,1
M,Bisha,J18.9,Assir,80+,6
F,Medinah,N39.9,Medina,00-17,6
M,Jeddah,I24.9,Makkah,60-69,11
M,Jazan,E11.11,Jazan,30-39,2
F,Riyadh,R05,Riyadh,60-69,361
M,Jeddah,R57.2,Jeddah,70-79,103
M,Jeddah,N17.9,Makkah,30-39,2
F,Qunfotha,R57.2,Makkah,60-69,17
M,Jeddah,I50.9,Makkah,60-69,3
M,Riyadh,G91.1,Riyadh,50-59,33
M,Jeddah,H40.4,Jeddah,40-49,20
F,Tabuk,V99,Makkah,50-59,1
F,Jeddah,E13.11,Jeddah,40-49,22
M,Jeddah,E11.11,Makkah,18-29,1
M,Riyadh,N17.0,Riyadh,50-59,32
M,Riyadh,J12.8,Riyadh,00-17,32
M,Riyadh,J18.8,Riyadh,00-17,61
F,Jeddah,J18.9,Jeddah,80+,206
F,Riyadh,J06.9,Riyadh,70-79,30
M,Riyadh,I69.4,Riyadh,50-59,40
M,Jeddah,H40.4,Makkah,40-49,1
F,Qassim,R57.1,Qassim,70-79,3
F,Jeddah,I24.9,Jeddah,60-69,102
F,Jeddah,N17.9,Jeddah,60-69,21
F,Makkah,J18.8,Makkah,80+,6
F,Riyadh,A41.9,Riyadh,40-49,62
M,Jeddah,I64,Makkah,30-39,2
M,Jeddah,I69.4,Makkah,60-69,2
M,Baha,G93.1,Jeddah,00-17,22
F,Eastern Region,A41.9,East,70-79,17
F,Riyadh,E11.11,Riyadh,70-79,386
M,Jeddah,G93.1,Makkah,18-29,1
F,Makkah,G72.2,Makkah,00-17,6
M,Jazan,W84,Assir,70-79,6
M,Qurayyat,P07.31,Riyadh,00-17,31
F,Riyadh,S14.3,Riyadh,18-29,2
M,Jeddah,S82.0,Jeddah,50-59,22
M,Jeddah,Q30.3,Jeddah,30-39,22
M,Jeddah,I20.0,Jeddah,50-59,59
M,Jeddah,R65.1,Jeddah,50-59,64
M,Asir,E11.11,Assir,40-49,5
F,Asir,J96.01,Assir,00-17,6
M,Jeddah,E10.12,Makkah,50-59,1
M,Jeddah,S06.9,Jeddah,70-79,24
M,Bisha,U80.4,Assir,00-17,6
F,Jeddah,R06.1,Jeddah,30-39,40
M,Qunfotha,G91.9,Makkah,50-59,7
M,Asir,K92.9,Assir,80+,24
F,Riyadh,J94.8,Riyadh,70-79,32
M,Qunfotha,G91.9,Jeddah,50-59,20
M,Makkah,S37.32,Makkah,40-49,7
F,Asir,E10.43,Assir,00-17,6
M,Riyadh,I24.9,Riyadh,50-59,219
F,Riyadh,R10.0,Riyadh,00-17,126
M,Riyadh,J18.9,Riyadh,30-39,63
F,Jouf,G93.1,Riyadh,50-59,32
M,Jeddah,V99,Makkah,40-49,6
M,Jeddah,V99,Jeddah,40-49,123
M,Jeddah,I21.9,Makkah,80+,2
M,Jeddah,N17.9,Makkah,40-49,6
M,Jeddah,J44.9,Jeddah,50-59,20
M,Jeddah,U80.3,Makkah,70-79,1
F,Riyadh,J96.00,Riyadh,80+,35
M,Jeddah,I69.2,Makkah,30-39,1
F,Jeddah,A41.8,Makkah,80+,3
M,Najran,G40.61,Najran,00-17,3
M,Bisha,I50.9,Makkah,60-69,1
M,Jeddah,I24.9,Jeddah,30-39,87
F,Riyadh,E13.15,Riyadh,18-29,34
M,Jouf,V99,Riyadh,00-17,94
M,Asir,G40.60,Assir,30-39,6
M,Riyadh,E14.11,Riyadh,00-17,1
M,Northern Borders,Z50.9,Riyadh,18-29,1
F,Riyadh,J96.10,Qassim,80+,3
M,Qassim,A41.8,Qassim,70-79,3
M,Medinah,K92.9,Medina,50-59,6
F,Riyadh,S52.11,Riyadh,50-59,30
M,Jeddah,K62.5,Jeddah,60-69,20
M,Makkah,Z50.8,Jeddah,00-17,1
M,Najran,P22.0,Najran,00-17,2
F,Asir,J96.09,Assir,70-79,15
M,Asir,I26.9,Assir,18-29,6
F,Hassa,Z50.9,Riyadh,50-59,1
M,Outside-KSA,Z50.9,Riyadh,18-29,3
F,Medinah,O61.9,Medinah,30-39,4
M,Jazan,K85.8,Jazan,18-29,2
M,Asir,R33,Asir,70-79,1
M,Asir,K59.1,Assir,00-17,6
F,Jeddah,Z50.8,Riyadh,00-17,3
M,Jeddah,Z23.7,Makkah,00-17,1
M,Medinah,P36.0,Medinah,00-17,1
M,Medinah,K92.9,Medinah,50-59,1
M,Qassim,J96.10,Qassim,80+,2
F,Jeddah,E66.20,Makkah,30-39,1
F,Medinah,O42.9,Medinah,18-29,10
M,Najran,J18.8,Najran,00-17,3
F,Jeddah,A41.9,Jeddah,18-29,39
F,Jeddah,I62.0,Makkah,00-17,1
M,Najran,J66.8,Najran,00-17,3
F,Asir,K92.2,Asir,80+,1
M,Eastern Region,R57.2,East,80+,17
F,Jeddah,S82.21,Jeddah,18-29,22
F,Asir,J18.0,Asir,00-17,8
F,Medinah,N18.5,Medina,60-69,1
M,Asir,I24.9,Assir,50-59,1
F,Medinah,R11,Medinah,00-17,4
F,Jeddah,J80,Jeddah,60-69,20
M,Riyadh,R52.9,Riyadh,60-69,33
M,Medinah,S72.9,Medina,60-69,7
F,Asir,J85.2,Assir,50-59,7
M,Jeddah,E87.6,Makkah,50-59,1
M,Asir,J18.0,Asir,00-17,3
M,Asir,J96.09,Assir,30-39,1
M,Jeddah,S06.03,Jeddah,80+,21
M,Riyadh,A87.1,Riyadh,00-17,30
M,Jazan,J18.9,Jazan,80+,2
F,Asir,A41.9,Asir,00-17,1
F,Qassim,K85.9,Qassim,70-79,3
M,Medinah,U88.2,Medina,00-17,6
F,Jeddah,Q30.01,Makkah,00-17,1
F,Medinah,P08.2,Medinah,18-29,1
M,Makkah,R50.9,Makkah,60-69,6
F,Makkah,F20.8,Makkah,00-17,6
F,Jeddah,O63.9,Makkah,30-39,1
M,Jeddah,I50.0,Makkah,70-79,1
F,Jeddah,J96.09,Makkah,60-69,2
M,Taif,S32.89,Taef,18-29,2
M,Riyadh,Z50.9,Riyadh,30-39,26
M,Jeddah,Q62.0,Makkah,00-17,1
M,Qassim,R57.2,Qassim,60-69,2
F,Asir,I50.0,Assir,30-39,6
M,Eastern Region,M62.28,East,50-59,18
F,Medinah,I51.9,Medina,70-79,6
M,Asir,S09.8,Assir,18-29,1
F,Jazan,T22.01,Jazan,00-17,2
F,Medinah,P07.32,Medina,30-39,26
F,Jeddah,U80.3,Makkah,18-29,2
M,Asir,M00.86,Assir,70-79,1
M,Baha,S68.1,Riyadh,40-49,1
F,Jeddah,Z43.0,Jeddah,30-39,19
F,Riyadh,G80.9,Riyadh,30-39,31
F,Medinah,I10,Medinah,70-79,1
M,Jazan,M48.42,Jazan,18-29,2
F,Makkah,J18.8,Makkah,60-69,6
M,Jazan,W80.9,Jazan,00-17,2
F,Tabuk,N18.9,Medinah,60-69,1
F,Jeddah,P59.9,Jeddah,30-39,19
F,Medinah,L04.9,Medinah,00-17,1
F,Medinah,O47.9,Medina,18-29,7
M,Riyadh,R17,Riyadh,60-69,32
F,Asir,K92.2,Assir,50-59,1
F,Asir,R07.4,Assir,00-17,6
M,Asir,M02.87,Assir,40-49,7
M,Qunfotha,P07.32,Makkah,00-17,1
F,Jeddah,I62.9,Jeddah,80+,20
F,Riyadh,K35.8,Riyadh,18-29,31
M,Asir,S63.11,Assir,00-17,1
F,Asir,J20.9,Asir,00-17,1
M,Riyadh,E87.1,Riyadh,18-29,30
F,Riyadh,E11.21,Riyadh,60-69,34
F,Jeddah,O15.1,Makkah,40-49,1
M,Medinah,I51.9,Medina,40-49,6
F,Riyadh,J47,Riyadh,60-69,32
F,Asir,K92.9,Assir,40-49,1
M,Makkah,K92.2,Jeddah,40-49,22
F,Qassim,I32.0,Qassim,50-59,3
M,Riyadh,T06.0,Riyadh,30-39,4
M,Jeddah,I62.9,Makkah,50-59,3
F,Jouf,S82.82,Riyadh,70-79,30
F,Asir,R18,Assir,30-39,6
F,Najran,P22.0,Najran,00-17,6
M,Jazan,A09.0,Jazan,00-17,2
M,Medinah,A41.8,Medinah,80+,1
F,Outside-KSA,D33.1,Makkah,40-49,1
M,Riyadh,K92.2,Riyadh,80+,30
M,Makkah,V24.00,Makkah,18-29,6
M,Riyadh,A37.0,Riyadh,00-17,30
F,Jazan,J39.3,Jazan,00-17,2
F,Medinah,J45.9,Medinah,00-17,5
M,Northern Borders,J18.9,Riyadh,00-17,31
F,Jeddah,J47,Jeddah,60-69,21
F,Qurayyat,L89.30,Riyadh,70-79,31
F,Asir,V99,Assir,00-17,19
F,Asir,E11.11,Assir,70-79,15
M,Riyadh,K72.9,Riyadh,80+,1
M,Medinah,S72.9,Medinah,60-69,1
F,Medinah,O47.9,Medinah,18-29,1
M,Jeddah,A37.0,Jeddah,00-17,21
M,Asir,R05,Asir,00-17,1
F,Riyadh,J45.9,Riyadh,00-17,601
F,Riyadh,R07.4,Riyadh,40-49,34
M,Medinah,R05,Medina,18-29,6
M,Eastern Region,I64,East,70-79,36
M,Jeddah,R05,Jeddah,50-59,199
M,Makkah,J96.09,Makkah,18-29,6
M,Makkah,J44.1,Makkah,40-49,6
M,Jeddah,K92.2,Makkah,50-59,4
F,Jeddah,I51.9,Makkah,50-59,1
M,Jeddah,E11.11,Jeddah,40-49,108
F,Bisha,I46.9,Makkah,30-39,2
M,Jeddah,E11.11,Jeddah,30-39,23
F,Jeddah,E13.15,Jeddah,18-29,21
F,Riyadh,N21.9,Riyadh,70-79,31
M,Riyadh,I10,Riyadh,50-59,30
M,Riyadh,Z50.9,Riyadh,18-29,28
M,Jeddah,I51.9,Makkah,60-69,5
M,Riyadh,I21.9,Riyadh,40-49,59
M,Jeddah,G91.9,Jeddah,30-39,24
M,Jeddah,J18.9,Jeddah,18-29,41
F,Riyadh,J18.9,Riyadh,80+,192
F,Asir,N04.7,Assir,00-17,6
F,Jeddah,K92.1,Jeddah,70-79,21
F,Jeddah,I21.9,Jeddah,50-59,59
M,Jeddah,R05,Makkah,40-49,2
M,Riyadh,M86.36,Riyadh,30-39,32
M,Asir,V99,Assir,80+,6
M,Jeddah,J15.9,Makkah,70-79,3
M,Jeddah,J12.0,Jeddah,60-69,19
F,Qassim,A09.0,Qassim,60-69,2
F,Medinah,U80.3,Medina,40-49,6
F,Riyadh,J18.0,Riyadh,70-79,67
M,Jeddah,E10.11,Jeddah,00-17,88
M,Tabuk,U80.4,Tabuk,18-29,1
F,Jeddah,I81,Jeddah,60-69,40
M,Jeddah,I64,Makkah,60-69,12
M,Asir,K83.0,Assir,80+,7
M,Asir,N17.9,Assir,60-69,13
F,Riyadh,K29.70,Riyadh,60-69,31
M,Riyadh,I64,Riyadh,50-59,112
M,Bisha,M23.40,Riyadh,60-69,30
M,Medinah,N17.0,Medina,60-69,6
F,Jeddah,E10.11,Makkah,00-17,4
F,Jeddah,E13.11,Makkah,40-49,1
M,Riyadh,J12.0,Riyadh,00-17,29
M,Asir,U80.3,Assir,00-17,38
M,Riyadh,U82.3,Riyadh,60-69,67
M,Jeddah,A48.0,Makkah,60-69,1
F,Tabuk,V99,Jeddah,50-59,21
M,Jeddah,J15.9,Makkah,80+,3
M,Tabuk,V99,Medina,18-29,7
M,Riyadh,J18.9,Riyadh,40-49,122
M,Jeddah,J18.0,Jeddah,60-69,23
F,Qassim,I50.9,Qassim,60-69,4
F,Riyadh,Z43.0,Riyadh,80+,32
F,Jeddah,P22.9,Jeddah,30-39,26
M,Asir,P07.31,Assir,00-17,31
M,Jazan,A41.9,Jazan,60-69,4
M,Riyadh,Z50.8,Riyadh,70-79,6
M,Riyadh,E10.11,Riyadh,18-29,35
F,Jeddah,R57.2,Makkah,50-59,2
M,Riyadh,E11.11,Riyadh,18-29,32
M,Asir,E13.11,Assir,00-17,12
F,Riyadh,S72.05,Riyadh,60-69,30
F,Jeddah,I62.9,Makkah,50-59,1
M,Qassim,I10,Qassim,70-79,3
F,Asir,P22.9,Assir,18-29,6
M,Riyadh,E20.9,Riyadh,00-17,31
F,Medinah,J81,Medinah,60-69,1
M,Medinah,N17.0,Medinah,60-69,1
M,Taif,Q89.71,Taef,00-17,2
M,Medinah,D44.1,Medinah,00-17,1
M,Medinah,J96.01,Medina,80+,6
F,Asir,B00.9,Assir,00-17,7
M,Riyadh,Q21.9,Riyadh,00-17,31
F,Najran,J45.9,Najran,00-17,12
F,Makkah,N17.9,Makkah,50-59,6
M,Eastern Region,A65,Eastern Region,80+,1
M,Eastern Region,G40.60,East,40-49,18
F,Asir,I50.9,Assir,60-69,6
M,Medinah,D57.1,Medinah,00-17,1
F,Asir,J06.9,Assir,80+,6
F,Jeddah,U82.3,Makkah,60-69,1
M,Asir,U86.2,Assir,50-59,2
F,Jeddah,R65.1,Jeddah,60-69,1
F,Medinah,P07.32,Medinah,30-39,3
M,Riyadh,G71.0,Riyadh,00-17,34
M,Jeddah,I48.9,Makkah,60-69,1
M,Asir,H02.5,Assir,00-17,6
F,Asir,S83.10,Assir,70-79,6
M,Jazan,I10,Jazan,70-79,2
F,Medinah,K58.0,Medina,00-17,6
F,Qassim,U82.3,Qassim,70-79,5
F,Riyadh,P22.0,Riyadh,00-17,93
F,Jeddah,U80.3,Jeddah,30-39,21
M,Asir,N18.5,Assir,60-69,6
F,Jeddah,R57.0,Jeddah,50-59,23
F,Qassim,R57.2,Qassim,40-49,2
M,Jazan,L03.9,Jazan,60-69,2
F,Medinah,O61.9,Medinah,18-29,3
F,Riyadh,P59.9,Riyadh,40-49,31
F,Qassim,J96.01,Qassim,50-59,3
F,Jazan,U80.3,Jazan,80+,2
M,Makkah,S06.8,Makkah,80+,6
M,Tabuk,G80.9,Riyadh,18-29,3
F,Jeddah,E11.65,Jeddah,80+,22
M,Jazan,R06.3,Jazan,30-39,2
M,Asir,J04.0,Asir,70-79,1
M,Makkah,U82.3,Jeddah,70-79,1
M,Makkah,J96.00,Makkah,40-49,5
M,Jeddah,Z50.9,Jeddah,40-49,3
M,Eastern Region,I21.9,Eastern Region,40-49,1
F,Riyadh,M86.28,Riyadh,30-39,33
M,Bisha,K92.9,Makkah,40-49,1
M,Jeddah,V99,Jeddah,70-79,22
F,Jeddah,O15.1,Jeddah,40-49,23
M,Riyadh,N17.9,Riyadh,70-79,32
M,Asir,K76.9,Assir,70-79,7
F,Asir,S06.5,Assir,00-17,6
F,Jeddah,Z50.9,Jeddah,50-59,2
F,Makkah,I24.9,Makkah,60-69,6
M,Jeddah,I24.9,Makkah,18-29,1
M,Jeddah,I62.9,Jeddah,50-59,47
M,Asir,I64,Assir,70-79,13
F,Qassim,V99,Qassim,18-29,2
M,Medinah,M72.0,Medinah,30-39,1
F,Jeddah,O61.9,Jeddah,40-49,20
M,Jeddah,A37.1,Jeddah,00-17,19
M,Qassim,G00.9,Qassim,00-17,2
F,Makkah,O00.0,Medina,30-39,6
M,Asir,Z82.5,Asir,00-17,1
M,Medinah,K35.8,Medinah,00-17,1
F,Jeddah,I62.0,Jeddah,00-17,20
F,Jeddah,S73.02,Jeddah,60-69,19
F,Medinah,U82.3,Medinah,30-39,1
M,Riyadh,S72.11,Riyadh,70-79,30
M,Riyadh,R06.0,Riyadh,70-79,1
F,Makkah,F31.9,Makkah,00-17,6
F,Jeddah,I47.1,Makkah,70-79,1
F,Jeddah,N18.9,Makkah,60-69,1
M,Riyadh,S82.40,Riyadh,18-29,33
M,Medinah,E16.2,Medina,50-59,6
M,Jeddah,N11.1,Makkah,70-79,1
M,Qassim,J18.0,Qassim,50-59,2
M,Riyadh,E14.15,Riyadh,50-59,1
M,Asir,V99,Asir,00-17,1
M,Riyadh,N39.0,Riyadh,60-69,1
M,Medinah,M72.0,Medina,30-39,6
M,Asir,E87.1,Assir,50-59,7
F,Jeddah,K92.9,Makkah,80+,2
M,Eastern Region,Z50.9,East,50-59,2
M,Makkah,K85.9,Makkah,60-69,6
F,Asir,P59.9,Assir,50-59,7
M,Qunfotha,V99,Assir,18-29,6
F,Jeddah,E13.11,Jeddah,00-17,19
M,Qassim,F10.0,Qassim,18-29,1
F,Eastern Region,I50.0,Northern Borders,80+,1
M,Qassim,I85.0,Qassim,60-69,2
M,Jeddah,J96.00,Jeddah,30-39,24
M,Jeddah,J96.09,Makkah,50-59,1
F,Jazan,A41.9,Jazan,70-79,3
F,Asir,J46,Assir,00-17,7
M,Jazan,S73.00,Jazan,80+,2
M,Makkah,J20.9,Makkah,00-17,12
F,Makkah,U80.3,Makkah,70-79,6
F,Asir,S32.4,Assir,50-59,6
M,Jeddah,Z50.8,Jeddah,50-59,1
F,Jazan,K92.9,Jazan,40-49,2
M,Riyadh,T20.3,Riyadh,18-29,33
F,Jeddah,G41.9,Jeddah,70-79,22
F,Jeddah,Z43.0,Makkah,30-39,1
M,Jazan,J06.9,Jazan,00-17,2
M,Eastern Region,Q61.3,East,30-39,17
F,Jeddah,E11.11,Makkah,30-39,1
M,Jeddah,R07.4,Jeddah,40-49,21
F,Makkah,R05,Makkah,70-79,18
M,Makkah,R05,Jeddah,00-17,20
F,Asir,R05,Assir,30-39,12
F,Riyadh,J45.9,Riyadh,60-69,61
M,Riyadh,J20.9,Riyadh,00-17,442
M,Riyadh,R10.0,Riyadh,00-17,193
M,Asir,J21.9,Medina,00-17,6
M,Makkah,I64,Jeddah,40-49,19
F,Asir,I64,Riyadh,80+,32
M,Jeddah,D57.0,Jeddah,00-17,19
F,Asir,O00.0,Assir,40-49,6
F,Medinah,J21.9,Medina,00-17,147
M,Medinah,J06.9,Jeddah,00-17,21
M,Asir,D57.0,Assir,00-17,7
M,Jeddah,R05,Jeddah,40-49,43
M,Qassim,I21.9,Qassim,70-79,4
M,Riyadh,Z50.9,Riyadh,80+,8
F,Medinah,P07.31,Medina,00-17,6
F,Jeddah,I60.8,Jeddah,18-29,22
F,Jeddah,S07.1,Jeddah,00-17,20
M,Najran,J18.9,Najran,00-17,28
F,Medinah,O30.0,Medina,18-29,6
M,Jeddah,U80.3,Jeddah,70-79,20
M,Qassim,K92.2,Qassim,70-79,4
M,Taif,W79,Taef,00-17,2
F,Jeddah,J96.01,Makkah,50-59,1
F,Asir,N17.2,Assir,18-29,6
M,Medinah,R57.2,Medina,70-79,12
M,Jeddah,J96.09,Jeddah,60-69,22
M,Jouf,T20.0,Riyadh,00-17,62
M,Makkah,K29.71,Makkah,80+,6
M,Riyadh,J18.9,Riyadh,18-29,127
F,Riyadh,J96.09,East,18-29,8
M,Asir,I42.9,Assir,00-17,6
M,Asir,J18.0,Assir,80+,13
F,Medinah,R65.1,Medina,70-79,6
M,Jeddah,I51.9,Jeddah,40-49,60
M,Hafer AlBatin,I24.9,Riyadh,30-39,30
M,Riyadh,D07.5,Riyadh,70-79,3
F,Tabuk,Q56.41,Riyadh,00-17,31
M,Qassim,A41.9,Qassim,70-79,11
M,Jouf,J18.0,Riyadh,00-17,62
F,Makkah,J18.9,Makkah,60-69,42
M,Riyadh,A78,Riyadh,60-69,60
F,Taif,S42.21,Taef,70-79,2
F,Asir,G61.0,Assir,00-17,8
F,Makkah,I24.9,Jeddah,40-49,19
F,Asir,J96.00,Assir,80+,9
F,Makkah,G46.3,Makkah,60-69,6
M,Jeddah,R00.0,Makkah,18-29,1
F,Jeddah,E14.15,Makkah,40-49,2
F,Riyadh,G40.60,Riyadh,30-39,30
F,Jeddah,R05,Makkah,00-17,20
M,Jeddah,I24.9,Jeddah,80+,42
F,Riyadh,K92.9,Riyadh,60-69,61
F,Riyadh,R17,Riyadh,00-17,34
F,Asir,L03.9,Assir,00-17,7
F,Jeddah,I74.1,Makkah,70-79,1
M,Riyadh,R52.2,Riyadh,30-39,31
M,Riyadh,R11,Riyadh,00-17,92
F,Asir,U80.3,Assir,00-17,32
F,Riyadh,I24.9,Riyadh,80+,153
F,Qassim,J18.9,Qassim,70-79,5
M,Jeddah,R05,Jeddah,70-79,118
F,Riyadh,K72.9,Riyadh,70-79,3
F,Jeddah,I20.0,Jeddah,70-79,20
M,Jeddah,E11.11,Jeddah,60-69,110
F,Makkah,J96.01,Makkah,80+,6
F,Makkah,I50.9,Makkah,70-79,6
F,Medinah,P36.0,Medina,80+,6
M,Qassim,A41.9,Qassim,40-49,7
M,Asir,J18.0,Assir,00-17,316
M,Riyadh,T20.0,Riyadh,00-17,61
F,Makkah,I69.4,Makkah,70-79,6
M,Jazan,J18.9,Assir,70-79,6
M,Riyadh,S71.80,Riyadh,30-39,32
M,Qassim,I61.6,Qassim,18-29,2
M,Jeddah,V99,Jeddah,30-39,151
F,Jeddah,O61.9,Jeddah,30-39,19
F,Outside-KSA,P07.32,Jeddah,00-17,1
M,Asir,G41.9,Assir,30-39,18
M,Asir,I61.9,Assir,80+,6
F,Riyadh,R17,Riyadh,80+,31
M,Jeddah,P70.0,Jeddah,00-17,20
M,Jeddah,D69.6,Jeddah,60-69,21
F,Riyadh,M80.28,Riyadh,50-59,31
M,Medinah,Z50.9,Riyadh,00-17,2
F,Asir,O15.9,Assir,18-29,1
F,Jazan,K52.0,Jazan,00-17,2
M,Medinah,I74.8,Medinah,60-69,1
M,Riyadh,J03.9,Riyadh,00-17,31
M,Makkah,A41.9,Makkah,60-69,6
M,Asir,W01.0,Assir,00-17,6
M,Jeddah,A41.8,Makkah,70-79,1
F,Jazan,U82.3,Jazan,60-69,2
M,Medinah,E10.11,Medinah,30-39,1
F,Riyadh,S72.11,Riyadh,60-69,31
F,Asir,C96.8,Assir,00-17,5
M,Riyadh,S06.03,Riyadh,40-49,1
F,Medinah,R05,Medina,50-59,6
F,Jeddah,O42.2,Jeddah,18-29,23
M,Medinah,J18.9,Medina,50-59,6
M,Qassim,I26.9,Qassim,70-79,2
M,Medinah,N18.9,Medinah,70-79,1
F,Asir,V24.00,Asir,30-39,1
M,Riyadh,I10,Riyadh,60-69,63
F,Qassim,J81,Qassim,60-69,2
F,Qassim,G41.9,Qassim,40-49,2
M,Riyadh,K02.9,Riyadh,50-59,32
M,Jeddah,P96.0,Makkah,40-49,1
M,Jeddah,E14.11,Jeddah,00-17,42
M,Riyadh,S92.0,Riyadh,30-39,32
M,Riyadh,L89.44,Riyadh,18-29,1
F,Asir,S32.4,Asir,50-59,1
M,Medinah,U80.4,Medina,30-39,6
M,Jeddah,I26.0,Makkah,70-79,1
M,Jeddah,I62.9,Jeddah,60-69,21
M,Baha,I64,Makkah,40-49,1
M,Makkah,K85.9,Makkah,80+,6
M,Asir,S83.18,Assir,70-79,1
M,Eastern Region,R57.2,East,70-79,17
F,Riyadh,P07.31,Riyadh,00-17,62
M,Jazan,J96.01,Jazan,80+,2
F,Medinah,S42.3,Medina,00-17,5
M,Asir,U80.4,Jeddah,00-17,1
M,Riyadh,I15.9,Riyadh,40-49,1
F,Riyadh,F70.0,Riyadh,50-59,3
M,Jeddah,J96.09,Jeddah,40-49,43
M,Eastern Region,V99,East,00-17,34
M,Riyadh,U84.2,Riyadh,18-29,31
F,Riyadh,N17.0,Riyadh,60-69,63
M,Jeddah,E13.11,Makkah,50-59,2
F,Jouf,J18.8,Riyadh,00-17,30
F,Riyadh,D69.6,Riyadh,50-59,31
M,Jeddah,I26.9,Jeddah,80+,44
M,Qassim,K76.1,Qassim,70-79,2
M,Medinah,I51.9,Jeddah,60-69,20
F,Asir,P28.41,Assir,00-17,13
M,Medinah,J15.9,Medina,00-17,37
M,Jeddah,J17.1,Jeddah,50-59,20
M,Bisha,R57.2,Assir,00-17,6
F,Medinah,O42.9,Medina,30-39,182
F,Jeddah,R05,Jeddah,60-69,78
M,Riyadh,F19.0,Riyadh,18-29,6
F,Asir,N17.9,Assir,70-79,6
M,Jeddah,O42.9,Makkah,00-17,3
M,Jeddah,A41.8,Makkah,50-59,2
M,Jeddah,E10.12,Jeddah,50-59,19
F,Riyadh,A41.9,Riyadh,70-79,95
F,Eastern Region,E11.11,East,70-79,17
M,Jeddah,I26.9,Makkah,60-69,1
F,Jazan,R17,Assir,80+,6
M,Medinah,E13.15,Medina,50-59,7
M,Riyadh,L03.8,Riyadh,80+,31
M,Hassa,U80.4,Riyadh,00-17,1
M,Qassim,T52.4,Qassim,30-39,3
F,Makkah,E11.11,Makkah,50-59,6
F,Makkah,R57.2,Makkah,60-69,6
M,Asir,S67.0,Assir,00-17,7
F,Jeddah,G93.4,Makkah,60-69,1
F,Riyadh,K55.9,Riyadh,18-29,31
F,Asir,I70.22,Asir,80+,1
M,Medinah,J18.0,Medina,18-29,7
M,Qurayyat,M76.1,Riyadh,60-69,31
F,Qassim,R06.8,Qassim,80+,2
F,Asir,R05,Asir,00-17,1
M,Taif,V99,Jeddah,00-17,22
M,Asir,K74.6,Assir,60-69,6
M,Jeddah,P07.31,Jeddah,00-17,40
F,Jeddah,O60.0,Makkah,40-49,1
M,Qassim,V99,Qassim,70-79,4
F,Jeddah,S06.03,Makkah,18-29,1
M,Jazan,S82.6,Jazan,00-17,2
F,Jazan,I71.6,Jazan,80+,2
M,Makkah,E84,Makkah,50-59,6
F,Asir,G40.91,Assir,30-39,7
M,Qassim,N28.9,Qassim,30-39,2
M,Medinah,G41.9,Medinah,40-49,1
M,Asir,I62.9,Assir,70-79,7
F,Makkah,I21.9,Makkah,60-69,6
F,Jouf,T22.01,Riyadh,00-17,32
M,Jeddah,N17.9,Jeddah,70-79,41
M,Qassim,S02.61,Qassim,18-29,3
F,Riyadh,R00.1,Riyadh,18-29,30
F,Medinah,R57.2,Medinah,80+,1
M,Medinah,I62.0,Medinah,60-69,2
M,Jeddah,N18.9,Jeddah,40-49,21
F,Riyadh,O42.9,Riyadh,18-29,31
M,Eastern Region,Z50.9,Riyadh,40-49,1
F,Eastern Region,S72.9,East,70-79,17
M,Riyadh,I64,Riyadh,00-17,2
M,Makkah,L03.19,Jeddah,18-29,19
M,Asir,J03.9,Assir,00-17,6
F,Asir,J45.9,Assir,18-29,6
F,Qassim,A41.8,Qassim,60-69,2
M,Najran,E10.11,Najran,00-17,3
M,Riyadh,S42.03,Riyadh,30-39,32
F,Medinah,E10.64,Medinah,00-17,1
F,Medinah,I64,Medinah,60-69,1
M,Asir,S01.83,Assir,00-17,6
F,Medinah,J18.9,Medina,70-79,13
M,Jazan,E11.11,Jazan,18-29,2
M,Jeddah,J47,Makkah,18-29,1
M,Asir,K29.0,Asir,00-17,1
M,Asir,M16.5,Assir,00-17,6
F,Asir,J96.09,Assir,30-39,6
M,Jeddah,T63.0,Jeddah,40-49,21
M,Bisha,Z50.9,Riyadh,00-17,3
F,Asir,R05,Northern Borders,00-17,1
F,Medinah,O64.1,Medinah,30-39,1
F,Jeddah,G93.4,Jeddah,80+,21
M,Riyadh,H35.1,Riyadh,00-17,32
M,Hafer AlBatin,J96.09,Riyadh,00-17,31
M,Riyadh,G35,Riyadh,30-39,1
F,Riyadh,P07.32,Riyadh,40-49,31
M,Jeddah,S06.02,Makkah,30-39,1
M,Eastern Region,Z50.9,East,00-17,6
F,Riyadh,U80.3,Riyadh,40-49,2
M,Qunfotha,S72.9,Makkah,18-29,6
F,Medinah,J96.09,Medinah,70-79,1
M,Jazan,R10.0,Jazan,00-17,2
M,Jeddah,A41.9,Jeddah,18-29,40
F,Jazan,J21.9,Jazan,00-17,4
F,Qassim,M00.29,Qassim,18-29,2
M,Medinah,D58.9,Medinah,00-17,1
F,Jazan,M16.5,Jazan,18-29,2
F,Medinah,Z50.9,Jeddah,18-29,1
F,Eastern Region,R57.2,East,80+,7
M,Asir,S68.1,Assir,00-17,7
F,Hassa,Z50.9,Ihsaa,00-17,1
F,Jeddah,P59.9,Makkah,30-39,1
F,Medinah,I51.9,Medina,18-29,6
M,Riyadh,K85.8,Riyadh,60-69,32
M,Qassim,F19.0,Qassim,30-39,2
M,Tabuk,N17.9,Tabuk,70-79,1
M,Jazan,J96.01,Jazan,00-17,2
M,Asir,I26.9,Asir,70-79,1
F,Jeddah,D57.1,Jeddah,00-17,20
M,Makkah,F19.9,Makkah,30-39,6
M,Riyadh,N17.0,Riyadh,30-39,31
M,Qassim,J96.01,Qassim,60-69,3
F,Makkah,R57.2,Makkah,80+,6
M,Jazan,J20.9,Jazan,00-17,2
M,Medinah,J18.0,Medinah,50-59,1
M,Asir,S72.3,Asir,18-29,1
F,Asir,L03.9,Assir,80+,6
M,Qassim,J96.09,Qassim,30-39,2
M,Riyadh,J15.9,Riyadh,40-49,31
M,Asir,U86.2,Assir,60-69,4
M,Tabuk,S42.21,Tabuk,60-69,1
F,Medinah,K27.9,Medina,70-79,1
M,Makkah,F20.8,Makkah,30-39,6
F,Riyadh,G80.9,Riyadh,00-17,2
F,Medinah,J20.9,Medinah,00-17,12
M,Riyadh,R07.1,Riyadh,60-69,31
F,Jeddah,J18.8,Jeddah,80+,24
F,Riyadh,J46,Riyadh,00-17,64
M,Asir,I79.0,Assir,18-29,7
M,Tabuk,S02.61,Medina,00-17,6
M,Jeddah,J15.9,Jeddah,50-59,1
F,Riyadh,Z99.1,Qassim,30-39,2
M,Eastern Region,Z50.8,East,80+,1
M,Qassim,I46.9,Qassim,60-69,2
M,Medinah,R10.0,Medinah,00-17,1
F,Qassim,J90,Qassim,80+,2
M,Jeddah,R57.1,Jeddah,70-79,21
M,Eastern Region,Z50.8,East,00-17,1
M,Jazan,M25.11,Jazan,00-17,2
M,Riyadh,N17.9,Riyadh,18-29,32
F,Riyadh,E11.11,Riyadh,18-29,60
F,Asir,N18.9,Assir,80+,1
F,Medinah,J15.9,Medinah,70-79,1
M,Riyadh,I66.0,Riyadh,70-79,1
F,Jeddah,R56.8,Makkah,00-17,1
M,Jeddah,I10,Makkah,40-49,1
M,Makkah,R07.4,Makkah,50-59,6
M,Eastern Region,R10.4,East,30-39,34
M,Makkah,R52.9,Jeddah,40-49,19
M,Jeddah,S09.9,Makkah,40-49,1
M,Jeddah,K52.9,Makkah,00-17,1
M,Jeddah,R07.4,Makkah,40-49,1
M,Qassim,J45.9,Qassim,80+,2
M,Medinah,I64,Medina,60-69,33
M,Jeddah,I64,Makkah,50-59,16
M,Riyadh,I24.9,Riyadh,60-69,617
M,Riyadh,P22.9,Riyadh,00-17,64
M,Riyadh,L04.0,Riyadh,30-39,29
M,Asir,R17,Assir,60-69,12
M,Riyadh,J18.9,Riyadh,00-17,997
M,Jeddah,E13.15,Jeddah,18-29,43
M,Riyadh,A40.8,Riyadh,50-59,1
M,Riyadh,I21.9,Riyadh,60-69,31
M,Makkah,F29,Makkah,18-29,6
M,Riyadh,J44.1,Riyadh,60-69,33
M,Asir,J90,Assir,60-69,13
M,Qunfotha,H02.9,Jeddah,30-39,19
F,Tabuk,P07.32,Jeddah,00-17,43
M,Jeddah,I26.9,Jeddah,30-39,21
F,Jeddah,E10.11,Makkah,30-39,1
F,Riyadh,A41.9,Riyadh,50-59,65
M,Riyadh,S82.21,Riyadh,40-49,32
M,Jeddah,U82.3,Jeddah,70-79,24
M,Riyadh,I63.1,Riyadh,80+,29
M,Riyadh,S06.03,Riyadh,50-59,129
F,Jeddah,I21.9,Makkah,60-69,1
F,Qassim,G93.1,Qassim,00-17,2
F,Jeddah,E14.15,Jeddah,40-49,42
M,Riyadh,I51.9,Riyadh,70-79,33
F,Jeddah,N17.9,Makkah,00-17,1
F,Riyadh,Q90.9,Riyadh,18-29,30
M,Qassim,J18.9,Qassim,70-79,6
F,Jeddah,J18.0,Makkah,50-59,1
F,Asir,G93.4,Riyadh,18-29,33
F,Riyadh,J18.8,Riyadh,80+,31
F,Bisha,A41.9,Assir,00-17,6
M,Medinah,K92.9,Medina,60-69,6
M,Taif,W79,Makkah,00-17,1
M,Riyadh,R07.4,Riyadh,18-29,62
F,Jeddah,E11.11,Jeddah,18-29,83
M,Najran,G99.2,Najran,50-59,3
M,Northern Borders,T21.09,Riyadh,00-17,32
M,Qassim,E11.11,Qassim,60-69,8
F,Riyadh,K29.1,Riyadh,18-29,63
F,Jeddah,P22.0,Makkah,18-29,3
F,Jeddah,P59.9,Jeddah,00-17,101
M,Jeddah,V99,Jeddah,50-59,42
M,Makkah,A41.9,Makkah,80+,24
M,Riyadh,V99,Riyadh,40-49,125
F,Jeddah,R13,Jeddah,60-69,24
M,Jeddah,I48.9,Jeddah,50-59,21
M,Jeddah,J93.8,Makkah,00-17,2
M,Jeddah,K85.9,Jeddah,40-49,20
F,Medinah,Q01.9,Medina,00-17,7
M,Jeddah,V99,Makkah,30-39,7
M,Riyadh,A78,Riyadh,18-29,31
F,Asir,S83.10,Assir,50-59,6
M,Jeddah,I25.4,Makkah,50-59,1
M,Asir,M85.03,Assir,00-17,6
F,Riyadh,I42.9,Riyadh,50-59,31
F,Jeddah,R65.1,Jeddah,70-79,43
M,Riyadh,J18.9,Riyadh,80+,159
M,Makkah,S52.30,Makkah,18-29,6
M,Medinah,E16.9,Medina,00-17,6
F,Jeddah,I24.9,Makkah,80+,5
F,Jeddah,N17.9,Makkah,80+,3
M,Jeddah,M00.88,Makkah,40-49,1
F,Riyadh,P07.11,Riyadh,18-29,31
F,Eastern Region,I64,East,40-49,17
M,Baha,S62.0,Makkah,00-17,1
F,Riyadh,J45.9,Riyadh,70-79,64
F,Qassim,G91.9,Qassim,00-17,2
M,Jeddah,V99,Makkah,70-79,1
F,Asir,M00.86,Assir,70-79,1
F,Riyadh,N15.8,Riyadh,50-59,32
M,Jeddah,I61.9,Jeddah,60-69,41
F,Najran,S72.00,Asir,80+,1
F,Jeddah,R05,Northern Borders,80+,1
F,Medinah,J03.9,Medinah,00-17,2
F,Eastern Region,R63.0,East,40-49,8
F,Jazan,J18.9,Asir,80+,1
F,Makkah,O09.9,Medina,18-29,6
M,Jeddah,S73.00,Jeddah,70-79,21
F,Jeddah,I42.9,Makkah,60-69,1
F,Medinah,J45.9,Medinah,60-69,1
F,Najran,J21.9,Najran,00-17,12
F,Riyadh,Q25.79,Riyadh,50-59,30
F,Qassim,I51.9,Qassim,60-69,4
M,Taif,J18.9,Taef,00-17,2
F,Northern Borders,J15.9,Riyadh,00-17,32
M,Makkah,S32.5,Makkah,18-29,6
F,Riyadh,R11,Riyadh,00-17,30
M,Asir,P59.9,Assir,00-17,26
F,Riyadh,R17,Riyadh,40-49,63
M,Jeddah,P91.63,Jeddah,00-17,21
M,Eastern Region,I64,East,60-69,69
F,Makkah,E10.73,Makkah,80+,6
M,Asir,N48.3,Assir,18-29,6
M,Medinah,L03.01,Medina,00-17,6
M,Riyadh,G44.3,Riyadh,40-49,31
F,Medinah,R51,Medina,00-17,6
F,Makkah,L03.9,Makkah,50-59,6
M,Jazan,A78,Jazan,00-17,4
M,Jazan,V99,Jazan,70-79,2
F,Medinah,R10.0,Medinah,00-17,1
F,Asir,A41.9,Assir,18-29,13
F,Makkah,A41.9,Jeddah,70-79,22
F,Hassa,M22.9,Riyadh,18-29,1
M,Riyadh,R00.0,Riyadh,00-17,3
F,Riyadh,K76.9,Riyadh,70-79,1
F,Asir,S42.21,Assir,00-17,13
F,Jazan,S52.6,Jazan,00-17,2
M,Jouf,K92.9,Riyadh,30-39,30
F,Riyadh,F20.8,Riyadh,30-39,1
F,Asir,I98.3,Assir,80+,1
F,Riyadh,T06.0,East,30-39,1
M,Jeddah,G46.3,Jeddah,60-69,1
F,Baha,S67.0,Makkah,60-69,1
M,Taif,G91.9,Taef,00-17,2
F,Asir,U80.3,Asir,00-17,1
M,Jeddah,J96.00,Makkah,30-39,2
F,Asir,R17,Assir,00-17,56
M,Medinah,E11.11,Medina,80+,7
F,Riyadh,K29.70,Riyadh,50-59,31
M,Jeddah,Z50.8,Jeddah,00-17,4
M,Makkah,I21.9,Makkah,80+,6
M,Jeddah,M07.04,Jeddah,30-39,22
M,Jeddah,E14.11,Jeddah,18-29,1
M,Jeddah,I51.9,Jeddah,50-59,61
M,Jeddah,B54,Makkah,30-39,2
M,Asir,I24.9,Assir,60-69,12
F,Jeddah,D57.1,Jeddah,40-49,21
M,Makkah,K85.9,Makkah,50-59,12
M,Jazan,K92.2,Jazan,60-69,2
F,Asir,P05.9,Assir,30-39,7
F,Makkah,J96.01,Makkah,70-79,6
M,Jeddah,I21.9,Makkah,18-29,1
M,Jazan,A41.9,Jazan,80+,2
M,Riyadh,I26.9,Riyadh,30-39,1
M,Jazan,I62.0,Jazan,60-69,2
M,Jazan,R11,Jazan,50-59,2
F,Riyadh,U86.2,Riyadh,50-59,2
F,Asir,V24.00,Assir,30-39,7
M,Asir,P59.9,Assir,80+,6
F,Jeddah,Z50.9,Jeddah,80+,1
M,Jazan,D57.0,Jazan,40-49,2
M,Northern Borders,Q90.9,Riyadh,30-39,30
F,Jeddah,E11.65,Makkah,80+,1
M,Asir,R33,Assir,70-79,6
F,Jeddah,R55,Makkah,40-49,1
M,Riyadh,B53.1,Riyadh,00-17,30
F,Medinah,E10.11,Medina,00-17,6
M,Asir,J96.09,Assir,80+,1
M,Northern Borders,S63.10,Riyadh,00-17,31
F,Medinah,J96.01,Medinah,60-69,1
F,Asir,I71.4,Northern Borders,40-49,1
M,Eastern Region,J45.9,East,80+,17
M,Makkah,S42.21,Makkah,30-39,6
F,Riyadh,J15.9,Riyadh,70-79,31
M,Jeddah,J90,Jeddah,30-39,24
F,Medinah,E11.11,Medinah,50-59,1
F,Jeddah,U82.3,Makkah,50-59,2
F,Qassim,J80,Qassim,00-17,3
M,Makkah,J21.9,Makkah,00-17,30
M,Baha,I64,Jeddah,40-49,22
M,Asir,J96.00,Asir,00-17,1
M,Asir,N17.9,Asir,18-29,1
F,Jouf,I64,Riyadh,70-79,62
F,Asir,I24.9,Assir,80+,7
F,Medinah,I26.9,Medina,70-79,7
F,Jazan,I26.9,Jazan,80+,2
F,Asir,I24.9,Assir,00-17,7
F,Medinah,J18.9,Medina,50-59,6
F,Qassim,U83.2,Qassim,70-79,2
M,Qassim,S32.4,Qassim,18-29,2
F,Riyadh,P22.9,Riyadh,30-39,33
M,Medinah,E11.11,Medina,00-17,6
M,Medinah,K80.41,Medinah,70-79,1
M,Makkah,F31.9,Makkah,18-29,12
M,Jeddah,J18.0,Makkah,40-49,1
M,Asir,E87.6,Asir,80+,1
M,Qassim,R05,Qassim,70-79,10
M,Asir,I64,Assir,80+,33
F,Makkah,J21.9,Makkah,00-17,30
M,Riyadh,I10,Riyadh,70-79,32
M,Makkah,R06.0,Makkah,60-69,6
M,Medinah,R05,Medina,00-17,344
M,Medinah,R05,Medina,80+,12
M,Taif,I64,Makkah,30-39,1
F,Bisha,R05,Riyadh,60-69,32
M,Qassim,J45.9,Qassim,70-79,3
F,Makkah,A41.9,Makkah,70-79,29
M,Jazan,I51.9,Assir,70-79,6
M,Jeddah,J96.09,Makkah,70-79,2
M,Medinah,A87.1,Medina,00-17,6
M,Jeddah,J18.9,Jeddah,00-17,102
M,Riyadh,S32.4,Riyadh,80+,30
F,Jeddah,J18.9,Jeddah,60-69,65
F,Jeddah,R65.1,Makkah,70-79,3
M,Riyadh,I64,Riyadh,70-79,75
F,Makkah,P22.0,Jeddah,00-17,21
F,Qurayyat,I24.9,Riyadh,00-17,31
F,Jeddah,R07.1,Jeddah,18-29,21
M,Riyadh,A41.9,Riyadh,60-69,32
F,Asir,P22.0,Assir,30-39,9
M,Jeddah,R23.0,Jeddah,00-17,20
M,Makkah,K27.3,Makkah,80+,6
F,Jeddah,I26.9,Jeddah,60-69,20
F,Riyadh,R05,Riyadh,18-29,162
M,Jeddah,K56.6,Jeddah,00-17,23
F,Najran,A41.9,Najran,00-17,15
M,Makkah,V99,Makkah,30-39,13
F,Jeddah,O09.9,Jeddah,18-29,78
F,Riyadh,A09.9,Riyadh,40-49,62
F,Jeddah,E11.11,Jeddah,50-59,21
M,Jeddah,J18.9,Jeddah,80+,133
M,Riyadh,E11.11,Riyadh,80+,247
M,Asir,A41.9,Assir,70-79,12
F,Jeddah,J91,Makkah,00-17,1
M,Qassim,A41.8,Qassim,40-49,2
F,Riyadh,I82.8,Riyadh,50-59,66
M,Jeddah,E14.15,Jeddah,50-59,24
F,Qurayyat,P07.32,Riyadh,00-17,31
M,Jeddah,U82.3,Makkah,70-79,1
M,Jeddah,R07.4,Makkah,18-29,1
M,Jeddah,A41.9,Makkah,70-79,7
F,Riyadh,B15.9,Riyadh,00-17,33
F,Jeddah,P36.9,Jeddah,00-17,21
M,Makkah,N48.8,Makkah,40-49,7
F,Qassim,J96.01,Qassim,70-79,4
M,Makkah,D73.0,Jeddah,80+,22
M,Riyadh,E87.1,Riyadh,00-17,32
F,Riyadh,U78.1,Riyadh,60-69,2
M,Riyadh,I24.9,Riyadh,70-79,124
F,Riyadh,R05,Riyadh,70-79,389
F,Asir,K76.1,Assir,80+,7
F,Jeddah,A41.9,Jeddah,00-17,211
M,Jeddah,I64,Jeddah,60-69,261
M,Medinah,I62.9,Medina,60-69,7
M,Jeddah,G40.61,Jeddah,30-39,22
F,Riyadh,E10.11,Riyadh,00-17,91
M,Riyadh,I21.9,Riyadh,70-79,62
F,Jeddah,J18.0,Jeddah,50-59,22
M,Riyadh,T20.3,Riyadh,00-17,31
F,Qassim,I51.9,Riyadh,00-17,30
M,Qassim,E13.11,Qassim,18-29,6
F,Riyadh,J96.01,Riyadh,40-49,63
F,Asir,I26.9,Assir,80+,25
F,Asir,T52.4,Assir,00-17,6
M,Jeddah,I21.9,Makkah,40-49,7
F,Jeddah,J96.09,Jeddah,00-17,22
M,Riyadh,J44.9,Riyadh,80+,33
F,Jeddah,R05,Jeddah,18-29,81
M,Riyadh,J96.00,Riyadh,00-17,67
M,Riyadh,E11.11,Riyadh,00-17,61
F,Taif,S42.21,Taef,60-69,2
F,Jeddah,P22.0,Makkah,30-39,3
M,Makkah,S56.8,Jeddah,00-17,23
M,Jeddah,I51.9,Makkah,80+,2
M,Qassim,J18.9,Qassim,60-69,8
F,Asir,K92.2,Assir,60-69,13
M,Jeddah,G94.2,Makkah,70-79,1
F,Riyadh,M48.09,Riyadh,60-69,32
F,Riyadh,Z50.9,Riyadh,40-49,5
M,Qassim,I64,Qassim,30-39,2
F,Riyadh,B95.3,Riyadh,60-69,1
M,Asir,U86.2,Assir,70-79,5
M,Riyadh,Z43.0,Riyadh,70-79,39
F,Jeddah,D55.9,Makkah,40-49,1
F,Medinah,P28.49,Medinah,00-17,1
M,Riyadh,D55.9,Riyadh,80+,32
M,Qassim,J20.9,Qassim,00-17,2
M,Qurayyat,A41.9,Riyadh,30-39,33
F,Jeddah,J96.09,Jeddah,80+,68
M,Eastern Region,M51.9,East,60-69,16
F,Jeddah,E13.15,Jeddah,00-17,40
F,Riyadh,E11.65,Riyadh,30-39,32
F,Asir,A41.9,Assir,50-59,5
F,Medinah,R05,Medinah,00-17,1
F,Medinah,P59.9,Medinah,80+,1
M,Riyadh,S82.81,Riyadh,18-29,30
F,Riyadh,G93.1,Riyadh,60-69,3
F,Jeddah,R57.2,Makkah,70-79,1
M,Qassim,J96.01,Qassim,80+,2
F,Jazan,A41.9,Jazan,80+,4
M,Asir,B23.0,Assir,30-39,5
M,Makkah,I99,Makkah,40-49,6
F,Qassim,F19.9,Qassim,50-59,1
F,Medinah,R56.0,Medina,00-17,7
F,Jeddah,Z50.9,Jeddah,60-69,2
M,Jeddah,G46.4,Jeddah,70-79,20
M,Jeddah,U80.3,Jeddah,60-69,20
M,Jeddah,J96.00,Jeddah,60-69,21
M,Jeddah,J45.8,Jeddah,00-17,20
M,Asir,J96.09,Assir,70-79,1
F,Jeddah,I51.9,Makkah,60-69,3
F,Asir,Z89.5,Assir,60-69,6
M,Jazan,V99,Jazan,00-17,4
F,Makkah,E87.1,Makkah,60-69,6
F,Jazan,J96.09,Jazan,40-49,2
M,Riyadh,P23.0,Riyadh,70-79,30
M,Asir,E10.11,Asir,00-17,1
F,Makkah,Z50.8,Jeddah,00-17,1
F,Medinah,D69.6,Medinah,00-17,1
M,Jazan,R17,Jazan,70-79,2
M,Jeddah,P91.63,Makkah,00-17,1
M,Asir,U80.1,Assir,50-59,6
F,Jeddah,T21.09,Makkah,00-17,1
M,Jazan,L98.2,Jazan,00-17,2
F,Jeddah,P22.8,Makkah,18-29,1
F,Bisha,J18.9,Riyadh,50-59,31
F,Qunfotha,S72.9,Makkah,70-79,12
M,Asir,G94.2,Assir,30-39,7
M,Qassim,E10.11,Qassim,50-59,3
F,Qurayyat,I24.9,Riyadh,80+,30
F,Asir,N73.8,Assir,30-39,7
M,Asir,V89.2,Asir,70-79,1
F,Medinah,O62.3,Medinah,30-39,1
M,Jeddah,A41.9,Jeddah,50-59,64
F,Jeddah,E13.11,Makkah,70-79,1
F,Northern Borders,I50.9,Riyadh,00-17,30
M,Asir,P36.9,Assir,00-17,1
M,Jeddah,E03.9,Makkah,18-29,1
F,Riyadh,I98.3,Riyadh,60-69,1
F,Riyadh,E10.11,Riyadh,80+,1
M,Asir,R10.0,Assir,50-59,6
F,Eastern Region,K62.6,East,30-39,16
M,Riyadh,I61.2,Riyadh,40-49,33
M,Qassim,N22.8,Qassim,70-79,2
M,Medinah,Q39.15,Medinah,18-29,1
F,Jeddah,Z93.1,Eastern Region,80+,1
M,Jeddah,U80.3,Makkah,18-29,1
F,Riyadh,U80.4,Riyadh,00-17,1
F,Jeddah,E66.20,Jeddah,30-39,19
F,Jeddah,J06.9,Makkah,70-79,1
M,Eastern Region,J45.9,East,70-79,18
M,Riyadh,G93.4,Riyadh,30-39,37
M,Qassim,J96.09,Qassim,40-49,3
F,Jazan,A41.9,Jazan,00-17,8
M,Jazan,S82.11,Jazan,50-59,2
M,Qurayyat,R05,Riyadh,00-17,32
M,Asir,S83.10,Assir,70-79,4
F,Medinah,O60.0,Medinah,18-29,1
F,Qurayyat,G91.9,Riyadh,00-17,32
M,Northern Borders,V99,Hail,18-29,2
M,Riyadh,S82.21,Riyadh,00-17,31
M,Qassim,G40.60,Qassim,18-29,3
M,Jazan,S74.1,Jazan,18-29,2
M,Riyadh,Z89.9,Jeddah,70-79,1
F,Tabuk,P07.31,Medinah,00-17,1
F,Makkah,R52.9,Makkah,70-79,6
M,Jeddah,G41.9,Makkah,40-49,1
M,Outside-KSA,G82.20,Riyadh,18-29,1
F,Eastern Region,Z50.9,East,60-69,1
F,Makkah,U82.3,Makkah,80+,6
M,Asir,U88.2,Assir,00-17,6
F,Jazan,I64,Jazan,80+,4
M,Tabuk,L89.00,Tabuk,18-29,1
M,Riyadh,G40.10,Riyadh,30-39,1
M,Riyadh,G71.0,Riyadh,40-49,1
F,Qassim,I10,Qassim,30-39,2
F,Medinah,O42.2,Medinah,18-29,1
F,Riyadh,T59.0,Riyadh,00-17,1
F,Medinah,N17.9,Medina,60-69,7
M,Qassim,I21.9,Qassim,40-49,2
F,Medinah,J18.9,Medinah,70-79,2
F,Qassim,A41.9,Qassim,50-59,3
F,Medinah,P01.1,Medinah,40-49,1
M,Asir,J05.0,Assir,00-17,6
M,Jeddah,E87.5,Jeddah,60-69,21
F,Jeddah,J45.9,Jeddah,60-69,20
F,Medinah,A41.9,Medina,60-69,6
F,Jeddah,I26.9,Jeddah,40-49,21
F,Riyadh,G93.1,Riyadh,30-39,3
M,Jeddah,E14.11,Makkah,00-17,2
F,Riyadh,T20.0,Riyadh,00-17,32
M,Asir,I64,Makkah,50-59,1
F,Makkah,J18.9,Makkah,40-49,6
M,Medinah,A41.9,Medinah,50-59,1
M,Makkah,E87.6,Makkah,40-49,6
F,Baha,Z50.8,Jeddah,60-69,1
M,Jazan,M48.42,Jazan,40-49,2
F,Riyadh,E11.8,Riyadh,70-79,1
F,Asir,U86.2,Assir,80+,1
M,Asir,E26.9,Assir,00-17,6
M,Medinah,J18.9,Medinah,40-49,1
M,Jeddah,N18.9,Jeddah,18-29,22
M,Asir,S72.9,Assir,70-79,13
F,Riyadh,G40.60,Riyadh,18-29,30
F,Medinah,O00.0,Medinah,30-39,27
M,Najran,L50.2,Najran,00-17,3
F,Asir,J93.9,Assir,60-69,7
M,Makkah,R65.1,Makkah,70-79,6
M,Jeddah,E16.2,Makkah,18-29,1
M,Jeddah,J06.9,Jeddah,70-79,23
F,Jazan,S72.9,Assir,60-69,6
M,Makkah,S73.02,Makkah,30-39,6
F,Riyadh,N21.9,Riyadh,00-17,30
F,Riyadh,I46.0,Riyadh,30-39,1
F,Jazan,E11.11,Jazan,18-29,2
F,Makkah,F20.9,Makkah,18-29,12
F,Jazan,E11.11,Jazan,70-79,4
M,Asir,R51,Assir,50-59,6
F,Eastern Region,S42.21,East,50-59,18
F,Qassim,E10.11,Qassim,00-17,7
F,Medinah,Z23.7,Medina,00-17,6
F,Eastern Region,J81,East,30-39,18
M,Baha,Z50.9,Jeddah,40-49,1
M,Eastern Region,Z50.9,East,40-49,1
F,Qassim,R05,Qassim,40-49,4
F,Asir,R11,Assir,00-17,12
M,Jeddah,K92.9,Jeddah,60-69,23
F,Jeddah,J96.09,Jeddah,60-69,43
F,Bisha,Z50.9,Riyadh,00-17,3
F,Medinah,G93.4,Medinah,60-69,1
M,Riyadh,S87.0,Riyadh,30-39,31
M,Jazan,V99,Jazan,60-69,2
F,Asir,S83.18,Assir,70-79,1
F,Riyadh,R52.9,Riyadh,18-29,31
F,Asir,U82.3,Assir,80+,12
F,Makkah,O61.9,Makkah,30-39,12
F,Makkah,S93.12,Makkah,00-17,6
F,Qassim,I26.9,Qassim,40-49,3
M,Asir,P22.9,Assir,00-17,14
M,Asir,S66.3,Assir,00-17,12
M,Qassim,I74.8,Qassim,60-69,2
M,Makkah,S72.05,Makkah,70-79,6
F,Medinah,R57.2,Medinah,70-79,1
F,Jazan,R00.2,Jazan,70-79,2
F,Medinah,K52.9,Medinah,00-17,1
F,Asir,A48.0,Assir,80+,6
F,Jeddah,I98.2,Jeddah,70-79,19
M,Qunfotha,S62.0,Makkah,00-17,6
M,Makkah,F20.8,Makkah,40-49,18
F,Jazan,J18.9,Jazan,70-79,4
M,Jazan,S84.0,Jazan,30-39,2
F,Jeddah,R57.0,Makkah,50-59,2
M,Eastern Region,I64,Eastern Region,30-39,1
F,Makkah,A41.9,Makkah,40-49,6
F,Jeddah,J12.0,Jeddah,00-17,19
M,Jeddah,J44.9,Jeddah,40-49,19
M,Riyadh,G82.20,Riyadh,18-29,1
M,Asir,E13.11,Assir,80+,1
M,Medinah,E11.11,Medinah,80+,1
F,Riyadh,J98.9,Riyadh,00-17,30
M,Medinah,U83.3,Medina,00-17,6
F,Asir,A37.1,Assir,00-17,13
F,Jeddah,A39.9,Makkah,00-17,1
F,Jazan,R57.2,Jazan,70-79,2
M,Jazan,J44.1,Jazan,80+,2
F,Jazan,E10.11,Jazan,40-49,2
F,Riyadh,A41.9,Riyadh,60-69,2
M,Asir,I62.0,Assir,80+,6
M,Hafer AlBatin,J90,Hafer Albatin,30-39,2
M,Riyadh,G30.9,Riyadh,60-69,3
M,Hafer AlBatin,G54.0,Eastern Region,18-29,1
M,Jazan,V99,Jazan,18-29,8
F,Qassim,I50.0,Qassim,50-59,2
M,Jeddah,E87.1,Jeddah,40-49,21
F,Medinah,I26.9,Medinah,70-79,1
F,Jeddah,J93.9,Makkah,00-17,1
M,Qassim,U80.3,Qassim,18-29,8
F,Medinah,D69.6,Medina,00-17,6
M,Hail,Z50.9,Riyadh,18-29,5
F,Jeddah,V99,Makkah,70-79,1
M,Eastern Region,U84.1,East,30-39,17
F,Jeddah,G41.9,Makkah,00-17,1
F,Jeddah,P36.0,Jeddah,80+,19
M,Qassim,E11.11,Qassim,50-59,6
F,Jazan,I64,Jazan,60-69,2
F,Medinah,I69.4,Medinah,50-59,1
F,Riyadh,G93.9,Riyadh,30-39,1
F,Asir,I24.9,Assir,60-69,6
M,Asir,M06.44,Assir,00-17,6
F,Medinah,L04.9,Medina,00-17,12
M,Asir,N00.6,Assir,00-17,6
M,Riyadh,L03.02,Riyadh,60-69,30
F,Qurayyat,O00.0,Riyadh,18-29,30
F,Jeddah,J15.9,Jeddah,50-59,23
M,Taif,S32.89,Jeddah,18-29,22
F,Riyadh,N39.9,Riyadh,40-49,32
F,Asir,S83.10,Assir,80+,3
M,Najran,Z50.9,Riyadh,00-17,3
F,Asir,R05,Asir,70-79,1
F,Qassim,J45.9,Qassim,70-79,6
F,Bisha,R05,Assir,18-29,6
M,Qassim,K76.9,Qassim,50-59,3
F,Jeddah,E13.11,Makkah,18-29,3
M,Riyadh,F03,Riyadh,80+,3
M,Asir,J47,Assir,60-69,1
M,Riyadh,P13.4,Riyadh,18-29,30
F,Jeddah,J12.0,Makkah,00-17,1
F,Asir,G54.0,Assir,00-17,6
F,Jeddah,N18.9,Jeddah,40-49,20
F,Riyadh,R10.0,Riyadh,18-29,31
M,Riyadh,E87.1,Riyadh,30-39,31
M,Makkah,J45.9,Makkah,00-17,6
M,Makkah,I64,Makkah,80+,12
M,Riyadh,G37.0,Riyadh,40-49,30
M,Taif,S62.21,Taef,50-59,2
M,Riyadh,S72.05,Riyadh,50-59,30
M,Tabuk,S32.4,Tabuk,18-29,1
M,Riyadh,B00.3,Riyadh,70-79,31
M,Jazan,R17,Jazan,18-29,2
M,Jeddah,R55,Makkah,80+,1
M,Jazan,V99,Assir,00-17,12
F,Riyadh,G54.1,Riyadh,40-49,32
F,Jeddah,U80.3,Jeddah,18-29,40
F,Jeddah,I46.0,Jeddah,80+,22
M,Qassim,K62.5,Qassim,60-69,2
F,Medinah,A41.9,Medinah,00-17,2
F,Makkah,O00.0,Medina,18-29,8
F,Asir,S68.3,Assir,00-17,6
F,Riyadh,P22.9,Riyadh,00-17,38
M,Jeddah,I21.9,Makkah,70-79,1
F,Asir,S87.0,Assir,70-79,1
M,Eastern Region,G40.60,Eastern Region,40-49,1
M,Hail,I51.9,Qassim,00-17,2
F,Medinah,E07.9,Medinah,60-69,1
F,Riyadh,P59.9,Riyadh,18-29,39
F,Qassim,J18.9,Qassim,60-69,4
F,Medinah,J45.9,Medina,18-29,6
M,Eastern Region,A41.9,Eastern Region,60-69,1
M,Medinah,J03.9,Medina,00-17,12
F,Asir,J96.00,Assir,70-79,6
M,Jeddah,I50.0,Jeddah,70-79,20
F,Riyadh,R57.2,Riyadh,60-69,2
